"2005-01-01",1.97
"2005-01-02",1.97
"2005-01-03",2.31
"2005-01-04",2.25
"2005-01-05",2.25
"2005-01-06",2.25
"2005-01-07",2.24
"2005-01-08",2.24
"2005-01-09",2.24
"2005-01-10",2.26
"2005-01-11",2.24
"2005-01-12",2.25
"2005-01-13",2.29
"2005-01-14",2.29
"2005-01-15",2.29
"2005-01-16",2.29
"2005-01-17",2.29
"2005-01-18",2.31
"2005-01-19",2.19
"2005-01-20",2.25
"2005-01-21",2.26
"2005-01-22",2.26
"2005-01-23",2.26
"2005-01-24",2.26
"2005-01-25",2.29
"2005-01-26",2.33
"2005-01-27",2.39
"2005-01-28",2.48
"2005-01-29",2.48
"2005-01-30",2.48
"2005-01-31",2.5
"2005-02-01",2.4
"2005-02-02",2.29
"2005-02-03",2.49
"2005-02-04",2.51
"2005-02-05",2.51
"2005-02-06",2.51
"2005-02-07",2.5
"2005-02-08",2.48
"2005-02-09",2.5
"2005-02-10",2.51
"2005-02-11",2.5
"2005-02-12",2.5
"2005-02-13",2.5
"2005-02-14",2.51
"2005-02-15",2.53
"2005-02-16",2.48
"2005-02-17",2.5
"2005-02-18",2.51
"2005-02-19",2.51
"2005-02-20",2.51
"2005-02-21",2.51
"2005-02-22",2.57
"2005-02-23",2.53
"2005-02-24",2.55
"2005-02-25",2.54
"2005-02-26",2.54
"2005-02-27",2.54
"2005-02-28",2.52
"2005-03-01",2.39
"2005-03-02",2.48
"2005-03-03",2.51
"2005-03-04",2.5
"2005-03-05",2.5
"2005-03-06",2.5
"2005-03-07",2.51
"2005-03-08",2.49
"2005-03-09",2.5
"2005-03-10",2.52
"2005-03-11",2.51
"2005-03-12",2.51
"2005-03-13",2.51
"2005-03-14",2.59
"2005-03-15",2.61
"2005-03-16",2.57
"2005-03-17",2.68
"2005-03-18",2.7
"2005-03-19",2.7
"2005-03-20",2.7
"2005-03-21",2.71
"2005-03-22",2.72
"2005-03-23",2.73
"2005-03-24",2.75
"2005-03-25",2.8
"2005-03-26",2.8
"2005-03-27",2.8
"2005-03-28",2.79
"2005-03-29",2.72
"2005-03-30",2.74
"2005-03-31",2.96
"2005-04-01",2.83
"2005-04-02",2.83
"2005-04-03",2.83
"2005-04-04",2.78
"2005-04-05",2.72
"2005-04-06",2.73
"2005-04-07",2.76
"2005-04-08",2.75
"2005-04-09",2.75
"2005-04-10",2.75
"2005-04-11",2.78
"2005-04-12",2.77
"2005-04-13",2.76
"2005-04-14",2.79
"2005-04-15",2.82
"2005-04-16",2.82
"2005-04-17",2.82
"2005-04-18",2.75
"2005-04-19",2.74
"2005-04-20",2.74
"2005-04-21",2.75
"2005-04-22",2.74
"2005-04-23",2.74
"2005-04-24",2.74
"2005-04-25",2.82
"2005-04-26",2.78
"2005-04-27",2.63
"2005-04-28",2.89
"2005-04-29",2.97
"2005-04-30",2.97
"2005-05-01",2.97
"2005-05-02",2.98
"2005-05-03",2.95
"2005-05-04",2.99
"2005-05-05",2.99
"2005-05-06",2.98
"2005-05-07",2.98
"2005-05-08",2.98
"2005-05-09",2.99
"2005-05-10",2.99
"2005-05-11",2.99
"2005-05-12",3.01
"2005-05-13",3.01
"2005-05-14",3.01
"2005-05-15",3.01
"2005-05-16",3.06
"2005-05-17",2.99
"2005-05-18",3
"2005-05-19",3.02
"2005-05-20",3.01
"2005-05-21",3.01
"2005-05-22",3.01
"2005-05-23",3.01
"2005-05-24",2.99
"2005-05-25",3.01
"2005-05-26",3.01
"2005-05-27",3.01
"2005-05-28",3.01
"2005-05-29",3.01
"2005-05-30",3.01
"2005-05-31",3.09
"2005-06-01",3.02
"2005-06-02",3
"2005-06-03",2.99
"2005-06-04",2.99
"2005-06-05",2.99
"2005-06-06",3
"2005-06-07",2.96
"2005-06-08",2.96
"2005-06-09",3.01
"2005-06-10",3.01
"2005-06-11",3.01
"2005-06-12",3.01
"2005-06-13",3.04
"2005-06-14",3.01
"2005-06-15",3.05
"2005-06-16",3
"2005-06-17",2.99
"2005-06-18",2.99
"2005-06-19",2.99
"2005-06-20",3.01
"2005-06-21",2.96
"2005-06-22",2.93
"2005-06-23",3.05
"2005-06-24",3.07
"2005-06-25",3.07
"2005-06-26",3.07
"2005-06-27",3.17
"2005-06-28",3.17
"2005-06-29",3.2
"2005-06-30",3.35
"2005-07-01",3.36
"2005-07-02",3.36
"2005-07-03",3.36
"2005-07-04",3.36
"2005-07-05",3.27
"2005-07-06",2.99
"2005-07-07",3.18
"2005-07-08",3.22
"2005-07-09",3.22
"2005-07-10",3.22
"2005-07-11",3.23
"2005-07-12",3.23
"2005-07-13",3.27
"2005-07-14",3.32
"2005-07-15",3.32
"2005-07-16",3.32
"2005-07-17",3.32
"2005-07-18",3.19
"2005-07-19",3.13
"2005-07-20",3.25
"2005-07-21",3.27
"2005-07-22",3.25
"2005-07-23",3.25
"2005-07-24",3.25
"2005-07-25",3.28
"2005-07-26",3.25
"2005-07-27",3.27
"2005-07-28",3.27
"2005-07-29",3.31
"2005-07-30",3.31
"2005-07-31",3.31
"2005-08-01",3.3
"2005-08-02",3.2
"2005-08-03",3.35
"2005-08-04",3.44
"2005-08-05",3.49
"2005-08-06",3.49
"2005-08-07",3.49
"2005-08-08",3.5
"2005-08-09",3.47
"2005-08-10",3.48
"2005-08-11",3.51
"2005-08-12",3.55
"2005-08-13",3.55
"2005-08-14",3.55
"2005-08-15",3.61
"2005-08-16",3.46
"2005-08-17",3.57
"2005-08-18",3.5
"2005-08-19",3.54
"2005-08-20",3.54
"2005-08-21",3.54
"2005-08-22",3.51
"2005-08-23",3.49
"2005-08-24",3.5
"2005-08-25",3.55
"2005-08-26",3.54
"2005-08-27",3.54
"2005-08-28",3.54
"2005-08-29",3.54
"2005-08-30",3.52
"2005-08-31",3.63
"2005-09-01",3.57
"2005-09-02",3.49
"2005-09-03",3.49
"2005-09-04",3.49
"2005-09-05",3.49
"2005-09-06",3.57
"2005-09-07",3.48
"2005-09-08",3.49
"2005-09-09",3.49
"2005-09-10",3.49
"2005-09-11",3.49
"2005-09-12",3.5
"2005-09-13",3.45
"2005-09-14",3.54
"2005-09-15",3.67
"2005-09-16",3.62
"2005-09-17",3.62
"2005-09-18",3.62
"2005-09-19",3.62
"2005-09-20",3.67
"2005-09-21",3.72
"2005-09-22",3.77
"2005-09-23",3.76
"2005-09-24",3.76
"2005-09-25",3.76
"2005-09-26",3.83
"2005-09-27",3.73
"2005-09-28",3.76
"2005-09-29",3.82
"2005-09-30",3.93
"2005-10-01",3.93
"2005-10-02",3.93
"2005-10-03",3.87
"2005-10-04",3.75
"2005-10-05",3.75
"2005-10-06",3.76
"2005-10-07",3.73
"2005-10-08",3.73
"2005-10-09",3.73
"2005-10-10",3.73
"2005-10-11",3.72
"2005-10-12",3.36
"2005-10-13",3.75
"2005-10-14",3.77
"2005-10-15",3.77
"2005-10-16",3.77
"2005-10-17",3.82
"2005-10-18",3.71
"2005-10-19",3.71
"2005-10-20",3.77
"2005-10-21",3.76
"2005-10-22",3.76
"2005-10-23",3.76
"2005-10-24",3.76
"2005-10-25",3.74
"2005-10-26",3.75
"2005-10-27",3.85
"2005-10-28",3.9
"2005-10-29",3.9
"2005-10-30",3.9
"2005-10-31",4.02
"2005-11-01",3.99
"2005-11-02",3.99
"2005-11-03",4.01
"2005-11-04",4
"2005-11-05",4
"2005-11-06",4
"2005-11-07",3.99
"2005-11-08",3.95
"2005-11-09",4.02
"2005-11-10",3.98
"2005-11-11",3.98
"2005-11-12",3.98
"2005-11-13",3.98
"2005-11-14",4.03
"2005-11-15",3.97
"2005-11-16",3.96
"2005-11-17",3.98
"2005-11-18",4
"2005-11-19",4
"2005-11-20",4
"2005-11-21",4.03
"2005-11-22",3.99
"2005-11-23",4.01
"2005-11-24",4.01
"2005-11-25",4.03
"2005-11-26",4.03
"2005-11-27",4.03
"2005-11-28",4.01
"2005-11-29",3.99
"2005-11-30",4.03
"2005-12-01",4.03
"2005-12-02",4
"2005-12-03",4
"2005-12-04",4
"2005-12-05",4.02
"2005-12-06",3.97
"2005-12-07",3.98
"2005-12-08",4.09
"2005-12-09",4.16
"2005-12-10",4.16
"2005-12-11",4.16
"2005-12-12",4.24
"2005-12-13",4.23
"2005-12-14",4.26
"2005-12-15",4.29
"2005-12-16",4.25
"2005-12-17",4.25
"2005-12-18",4.25
"2005-12-19",4.25
"2005-12-20",4.3
"2005-12-21",4.08
"2005-12-22",4.25
"2005-12-23",4.21
"2005-12-24",4.21
"2005-12-25",4.21
"2005-12-26",4.21
"2005-12-27",4.26
"2005-12-28",4.19
"2005-12-29",4.18
"2005-12-30",4.09
"2005-12-31",4.09
"2006-01-01",4.09
"2006-01-02",4.09
"2006-01-03",4.34
"2006-01-04",4.22
"2006-01-05",4.24
"2006-01-06",4.22
"2006-01-07",4.22
"2006-01-08",4.22
"2006-01-09",4.25
"2006-01-10",4.24
"2006-01-11",4.24
"2006-01-12",4.28
"2006-01-13",4.3
"2006-01-14",4.3
"2006-01-15",4.3
"2006-01-16",4.3
"2006-01-17",4.32
"2006-01-18",4.24
"2006-01-19",4.23
"2006-01-20",4.24
"2006-01-21",4.24
"2006-01-22",4.24
"2006-01-23",4.26
"2006-01-24",4.28
"2006-01-25",4.36
"2006-01-26",4.37
"2006-01-27",4.42
"2006-01-28",4.42
"2006-01-29",4.42
"2006-01-30",4.48
"2006-01-31",4.47
"2006-02-01",4.47
"2006-02-02",4.48
"2006-02-03",4.51
"2006-02-04",4.51
"2006-02-05",4.51
"2006-02-06",4.51
"2006-02-07",4.47
"2006-02-08",4.48
"2006-02-09",4.52
"2006-02-10",4.51
"2006-02-11",4.51
"2006-02-12",4.51
"2006-02-13",4.44
"2006-02-14",4.45
"2006-02-15",4.5
"2006-02-16",4.48
"2006-02-17",4.48
"2006-02-18",4.48
"2006-02-19",4.48
"2006-02-20",4.48
"2006-02-21",4.54
"2006-02-22",4.49
"2006-02-23",4.47
"2006-02-24",4.48
"2006-02-25",4.48
"2006-02-26",4.48
"2006-02-27",4.52
"2006-02-28",4.52
"2006-03-01",4.52
"2006-03-02",4.5
"2006-03-03",4.51
"2006-03-04",4.51
"2006-03-05",4.51
"2006-03-06",4.51
"2006-03-07",4.51
"2006-03-08",4.51
"2006-03-09",4.51
"2006-03-10",4.51
"2006-03-11",4.51
"2006-03-12",4.51
"2006-03-13",4.52
"2006-03-14",4.51
"2006-03-15",4.47
"2006-03-16",4.55
"2006-03-17",4.6
"2006-03-18",4.6
"2006-03-19",4.6
"2006-03-20",4.55
"2006-03-21",4.54
"2006-03-22",4.58
"2006-03-23",4.64
"2006-03-24",4.69
"2006-03-25",4.69
"2006-03-26",4.69
"2006-03-27",4.77
"2006-03-28",4.7
"2006-03-29",4.69
"2006-03-30",4.76
"2006-03-31",5
"2006-04-01",5
"2006-04-02",5
"2006-04-03",4.87
"2006-04-04",4.76
"2006-04-05",4.76
"2006-04-06",4.76
"2006-04-07",4.76
"2006-04-08",4.76
"2006-04-09",4.76
"2006-04-10",4.78
"2006-04-11",4.74
"2006-04-12",4.78
"2006-04-13",4.82
"2006-04-14",4.8
"2006-04-15",4.8
"2006-04-16",4.8
"2006-04-17",4.78
"2006-04-18",4.72
"2006-04-19",4.7
"2006-04-20",4.73
"2006-04-21",4.74
"2006-04-22",4.74
"2006-04-23",4.74
"2006-04-24",4.77
"2006-04-25",4.74
"2006-04-26",4.73
"2006-04-27",4.79
"2006-04-28",4.86
"2006-04-29",4.86
"2006-04-30",4.86
"2006-05-01",4.84
"2006-05-02",4.79
"2006-05-03",4.81
"2006-05-04",4.83
"2006-05-05",4.83
"2006-05-06",4.83
"2006-05-07",4.83
"2006-05-08",4.88
"2006-05-09",4.78
"2006-05-10",4.88
"2006-05-11",4.99
"2006-05-12",5.01
"2006-05-13",5.01
"2006-05-14",5.01
"2006-05-15",5.01
"2006-05-16",4.98
"2006-05-17",4.96
"2006-05-18",5
"2006-05-19",5
"2006-05-20",5
"2006-05-21",5
"2006-05-22",5
"2006-05-23",4.94
"2006-05-24",4.9
"2006-05-25",5.01
"2006-05-26",4.99
"2006-05-27",4.99
"2006-05-28",4.99
"2006-05-29",4.99
"2006-05-30",5.02
"2006-05-31",5.05
"2006-06-01",5.02
"2006-06-02",4.97
"2006-06-03",4.97
"2006-06-04",4.97
"2006-06-05",5.01
"2006-06-06",4.99
"2006-06-07",4.99
"2006-06-08",5.02
"2006-06-09",5
"2006-06-10",5
"2006-06-11",5
"2006-06-12",5.01
"2006-06-13",5
"2006-06-14",5
"2006-06-15",5.02
"2006-06-16",4.94
"2006-06-17",4.94
"2006-06-18",4.94
"2006-06-19",4.95
"2006-06-20",4.92
"2006-06-21",4.91
"2006-06-22",4.98
"2006-06-23",4.98
"2006-06-24",4.98
"2006-06-25",4.98
"2006-06-26",5.03
"2006-06-27",5.02
"2006-06-28",5.06
"2006-06-29",5.08
"2006-06-30",5.05
"2006-07-01",5.05
"2006-07-02",5.05
"2006-07-03",5.25
"2006-07-04",5.25
"2006-07-05",5.25
"2006-07-06",5.24
"2006-07-07",5.22
"2006-07-08",5.22
"2006-07-09",5.22
"2006-07-10",5.24
"2006-07-11",5.25
"2006-07-12",5.27
"2006-07-13",5.26
"2006-07-14",5.26
"2006-07-15",5.26
"2006-07-16",5.26
"2006-07-17",5.28
"2006-07-18",5.22
"2006-07-19",5.23
"2006-07-20",5.24
"2006-07-21",5.23
"2006-07-22",5.23
"2006-07-23",5.23
"2006-07-24",5.24
"2006-07-25",5.24
"2006-07-26",5.24
"2006-07-27",5.27
"2006-07-28",5.26
"2006-07-29",5.26
"2006-07-30",5.26
"2006-07-31",5.31
"2006-08-01",5.27
"2006-08-02",5.25
"2006-08-03",5.27
"2006-08-04",5.25
"2006-08-05",5.25
"2006-08-06",5.25
"2006-08-07",5.24
"2006-08-08",5.26
"2006-08-09",5.25
"2006-08-10",5.24
"2006-08-11",5.24
"2006-08-12",5.24
"2006-08-13",5.24
"2006-08-14",5.26
"2006-08-15",5.24
"2006-08-16",5.17
"2006-08-17",5.2
"2006-08-18",5.25
"2006-08-19",5.25
"2006-08-20",5.25
"2006-08-21",5.24
"2006-08-22",5.24
"2006-08-23",5.25
"2006-08-24",5.25
"2006-08-25",5.25
"2006-08-26",5.25
"2006-08-27",5.25
"2006-08-28",5.25
"2006-08-29",5.23
"2006-08-30",5.25
"2006-08-31",5.31
"2006-09-01",5.25
"2006-09-02",5.25
"2006-09-03",5.25
"2006-09-04",5.25
"2006-09-05",5.26
"2006-09-06",5.21
"2006-09-07",5.23
"2006-09-08",5.23
"2006-09-09",5.23
"2006-09-10",5.23
"2006-09-11",5.24
"2006-09-12",5.21
"2006-09-13",5.26
"2006-09-14",5.26
"2006-09-15",5.25
"2006-09-16",5.25
"2006-09-17",5.25
"2006-09-18",5.23
"2006-09-19",5.21
"2006-09-20",5.23
"2006-09-21",5.24
"2006-09-22",5.27
"2006-09-23",5.27
"2006-09-24",5.27
"2006-09-25",5.3
"2006-09-26",5.25
"2006-09-27",5.3
"2006-09-28",5.28
"2006-09-29",5.34
"2006-09-30",5.34
"2006-10-01",5.34
"2006-10-02",5.33
"2006-10-03",5.25
"2006-10-04",5.23
"2006-10-05",5.23
"2006-10-06",5.22
"2006-10-07",5.22
"2006-10-08",5.22
"2006-10-09",5.22
"2006-10-10",5.28
"2006-10-11",5.25
"2006-10-12",5.25
"2006-10-13",5.21
"2006-10-14",5.21
"2006-10-15",5.21
"2006-10-16",5.28
"2006-10-17",5.21
"2006-10-18",5.23
"2006-10-19",5.22
"2006-10-20",5.25
"2006-10-21",5.25
"2006-10-22",5.25
"2006-10-23",5.24
"2006-10-24",5.24
"2006-10-25",5.26
"2006-10-26",5.23
"2006-10-27",5.23
"2006-10-28",5.23
"2006-10-29",5.23
"2006-10-30",5.27
"2006-10-31",5.31
"2006-11-01",5.23
"2006-11-02",5.22
"2006-11-03",5.25
"2006-11-04",5.25
"2006-11-05",5.25
"2006-11-06",5.24
"2006-11-07",5.22
"2006-11-08",5.22
"2006-11-09",5.23
"2006-11-10",5.23
"2006-11-11",5.23
"2006-11-12",5.23
"2006-11-13",5.27
"2006-11-14",5.25
"2006-11-15",5.29
"2006-11-16",5.25
"2006-11-17",5.2
"2006-11-18",5.2
"2006-11-19",5.2
"2006-11-20",5.25
"2006-11-21",5.29
"2006-11-22",5.26
"2006-11-23",5.26
"2006-11-24",5.24
"2006-11-25",5.24
"2006-11-26",5.24
"2006-11-27",5.32
"2006-11-28",5.24
"2006-11-29",5.26
"2006-11-30",5.31
"2006-12-01",5.27
"2006-12-02",5.27
"2006-12-03",5.27
"2006-12-04",5.22
"2006-12-05",5.21
"2006-12-06",5.22
"2006-12-07",5.25
"2006-12-08",5.25
"2006-12-09",5.25
"2006-12-10",5.25
"2006-12-11",5.25
"2006-12-12",5.23
"2006-12-13",5.23
"2006-12-14",5.29
"2006-12-15",5.27
"2006-12-16",5.27
"2006-12-17",5.27
"2006-12-18",5.21
"2006-12-19",5.21
"2006-12-20",5.26
"2006-12-21",5.25
"2006-12-22",5.24
"2006-12-23",5.24
"2006-12-24",5.24
"2006-12-25",5.24
"2006-12-26",5.29
"2006-12-27",5.17
"2006-12-28",5.25
"2006-12-29",5.17
"2006-12-30",5.17
"2006-12-31",5.17
"2007-01-01",5.17
"2007-01-02",5.3
"2007-01-03",5.28
"2007-01-04",5.24
"2007-01-05",5.21
"2007-01-06",5.21
"2007-01-07",5.21
"2007-01-08",5.23
"2007-01-09",5.25
"2007-01-10",5.26
"2007-01-11",5.27
"2007-01-12",5.22
"2007-01-13",5.22
"2007-01-14",5.22
"2007-01-15",5.22
"2007-01-16",5.28
"2007-01-17",5.25
"2007-01-18",5.23
"2007-01-19",5.25
"2007-01-20",5.25
"2007-01-21",5.25
"2007-01-22",5.24
"2007-01-23",5.26
"2007-01-24",5.27
"2007-01-25",5.31
"2007-01-26",5.26
"2007-01-27",5.26
"2007-01-28",5.26
"2007-01-29",5.26
"2007-01-30",5.23
"2007-01-31",5.33
"2007-02-01",5.29
"2007-02-02",5.24
"2007-02-03",5.24
"2007-02-04",5.24
"2007-02-05",5.25
"2007-02-06",5.24
"2007-02-07",5.23
"2007-02-08",5.25
"2007-02-09",5.25
"2007-02-10",5.25
"2007-02-11",5.25
"2007-02-12",5.28
"2007-02-13",5.26
"2007-02-14",5.27
"2007-02-15",5.29
"2007-02-16",5.24
"2007-02-17",5.24
"2007-02-18",5.24
"2007-02-19",5.24
"2007-02-20",5.27
"2007-02-21",5.23
"2007-02-22",5.26
"2007-02-23",5.24
"2007-02-24",5.24
"2007-02-25",5.24
"2007-02-26",5.3
"2007-02-27",5.27
"2007-02-28",5.41
"2007-03-01",5.31
"2007-03-02",5.23
"2007-03-03",5.23
"2007-03-04",5.23
"2007-03-05",5.27
"2007-03-06",5.22
"2007-03-07",5.24
"2007-03-08",5.24
"2007-03-09",5.24
"2007-03-10",5.24
"2007-03-11",5.24
"2007-03-12",5.25
"2007-03-13",5.25
"2007-03-14",5.27
"2007-03-15",5.29
"2007-03-16",5.25
"2007-03-17",5.25
"2007-03-18",5.25
"2007-03-19",5.26
"2007-03-20",5.26
"2007-03-21",5.26
"2007-03-22",5.27
"2007-03-23",5.24
"2007-03-24",5.24
"2007-03-25",5.24
"2007-03-26",5.28
"2007-03-27",5.25
"2007-03-28",5.27
"2007-03-29",5.29
"2007-03-30",5.3
"2007-03-31",5.3
"2007-04-01",5.3
"2007-04-02",5.25
"2007-04-03",5.2
"2007-04-04",5.21
"2007-04-05",5.3
"2007-04-06",5.3
"2007-04-07",5.3
"2007-04-08",5.3
"2007-04-09",5.28
"2007-04-10",5.26
"2007-04-11",5.24
"2007-04-12",5.27
"2007-04-13",5.25
"2007-04-14",5.25
"2007-04-15",5.25
"2007-04-16",5.29
"2007-04-17",5.2
"2007-04-18",5.19
"2007-04-19",5.23
"2007-04-20",5.25
"2007-04-21",5.25
"2007-04-22",5.25
"2007-04-23",5.23
"2007-04-24",5.2
"2007-04-25",5.19
"2007-04-26",5.24
"2007-04-27",5.24
"2007-04-28",5.24
"2007-04-29",5.24
"2007-04-30",5.29
"2007-05-01",5.26
"2007-05-02",5.21
"2007-05-03",5.24
"2007-05-04",5.24
"2007-05-05",5.24
"2007-05-06",5.24
"2007-05-07",5.24
"2007-05-08",5.21
"2007-05-09",5.21
"2007-05-10",5.25
"2007-05-11",5.27
"2007-05-12",5.27
"2007-05-13",5.27
"2007-05-14",5.26
"2007-05-15",5.29
"2007-05-16",5.25
"2007-05-17",5.25
"2007-05-18",5.24
"2007-05-19",5.24
"2007-05-20",5.24
"2007-05-21",5.24
"2007-05-22",5.23
"2007-05-23",5.25
"2007-05-24",5.24
"2007-05-25",5.29
"2007-05-26",5.29
"2007-05-27",5.29
"2007-05-28",5.29
"2007-05-29",5.29
"2007-05-30",5.25
"2007-05-31",5.28
"2007-06-01",5.23
"2007-06-02",5.23
"2007-06-03",5.23
"2007-06-04",5.24
"2007-06-05",5.19
"2007-06-06",5.25
"2007-06-07",5.25
"2007-06-08",5.26
"2007-06-09",5.26
"2007-06-10",5.26
"2007-06-11",5.27
"2007-06-12",5.26
"2007-06-13",5.26
"2007-06-14",5.28
"2007-06-15",5.26
"2007-06-16",5.26
"2007-06-17",5.26
"2007-06-18",5.23
"2007-06-19",5.21
"2007-06-20",5.27
"2007-06-21",5.26
"2007-06-22",5.24
"2007-06-23",5.24
"2007-06-24",5.24
"2007-06-25",5.29
"2007-06-26",5.25
"2007-06-27",5.26
"2007-06-28",5.26
"2007-06-29",5.31
"2007-06-30",5.31
"2007-07-01",5.31
"2007-07-02",5.31
"2007-07-03",5.24
"2007-07-04",5.24
"2007-07-05",5.25
"2007-07-06",5.22
"2007-07-07",5.22
"2007-07-08",5.22
"2007-07-09",5.22
"2007-07-10",5.24
"2007-07-11",5.24
"2007-07-12",5.26
"2007-07-13",5.25
"2007-07-14",5.25
"2007-07-15",5.25
"2007-07-16",5.32
"2007-07-17",5.28
"2007-07-18",5.26
"2007-07-19",5.25
"2007-07-20",5.25
"2007-07-21",5.25
"2007-07-22",5.25
"2007-07-23",5.26
"2007-07-24",5.25
"2007-07-25",5.32
"2007-07-26",5.28
"2007-07-27",5.25
"2007-07-28",5.25
"2007-07-29",5.25
"2007-07-30",5.29
"2007-07-31",5.28
"2007-08-01",5.3
"2007-08-02",5.24
"2007-08-03",5.24
"2007-08-04",5.24
"2007-08-05",5.24
"2007-08-06",5.26
"2007-08-07",5.26
"2007-08-08",5.27
"2007-08-09",5.41
"2007-08-10",4.68
"2007-08-11",4.68
"2007-08-12",4.68
"2007-08-13",4.81
"2007-08-14",4.54
"2007-08-15",4.71
"2007-08-16",4.97
"2007-08-17",4.91
"2007-08-18",4.91
"2007-08-19",4.91
"2007-08-20",5.03
"2007-08-21",4.89
"2007-08-22",4.77
"2007-08-23",4.88
"2007-08-24",5.11
"2007-08-25",5.11
"2007-08-26",5.11
"2007-08-27",5.27
"2007-08-28",5.3
"2007-08-29",5
"2007-08-30",5
"2007-08-31",4.96
"2007-09-01",4.96
"2007-09-02",4.96
"2007-09-03",4.96
"2007-09-04",5.22
"2007-09-05",5.18
"2007-09-06",4.98
"2007-09-07",4.86
"2007-09-08",4.86
"2007-09-09",4.86
"2007-09-10",5.07
"2007-09-11",5.06
"2007-09-12",5.18
"2007-09-13",5.09
"2007-09-14",5.25
"2007-09-15",5.25
"2007-09-16",5.25
"2007-09-17",5.33
"2007-09-18",4.92
"2007-09-19",4.74
"2007-09-20",4.77
"2007-09-21",4.76
"2007-09-22",4.76
"2007-09-23",4.76
"2007-09-24",4.74
"2007-09-25",4.82
"2007-09-26",4.88
"2007-09-27",4.93
"2007-09-28",4.58
"2007-09-29",4.58
"2007-09-30",4.58
"2007-10-01",4.92
"2007-10-02",4.78
"2007-10-03",4.68
"2007-10-04",4.74
"2007-10-05",4.77
"2007-10-06",4.77
"2007-10-07",4.77
"2007-10-08",4.77
"2007-10-09",4.91
"2007-10-10",4.52
"2007-10-11",4.75
"2007-10-12",4.75
"2007-10-13",4.75
"2007-10-14",4.75
"2007-10-15",4.81
"2007-10-16",4.68
"2007-10-17",4.7
"2007-10-18",4.69
"2007-10-19",4.77
"2007-10-20",4.77
"2007-10-21",4.77
"2007-10-22",4.71
"2007-10-23",4.67
"2007-10-24",4.74
"2007-10-25",4.86
"2007-10-26",4.8
"2007-10-27",4.8
"2007-10-28",4.8
"2007-10-29",4.84
"2007-10-30",4.78
"2007-10-31",4.6
"2007-11-01",4.59
"2007-11-02",4.28
"2007-11-03",4.28
"2007-11-04",4.28
"2007-11-05",4.29
"2007-11-06",4.22
"2007-11-07",4.39
"2007-11-08",4.58
"2007-11-09",4.49
"2007-11-10",4.49
"2007-11-11",4.49
"2007-11-12",4.49
"2007-11-13",4.61
"2007-11-14",4.6
"2007-11-15",4.54
"2007-11-16",4.51
"2007-11-17",4.51
"2007-11-18",4.51
"2007-11-19",4.51
"2007-11-20",4.51
"2007-11-21",4.5
"2007-11-22",4.5
"2007-11-23",4.56
"2007-11-24",4.56
"2007-11-25",4.56
"2007-11-26",4.62
"2007-11-27",4.39
"2007-11-28",4.53
"2007-11-29",4.55
"2007-11-30",4.66
"2007-12-01",4.66
"2007-12-02",4.66
"2007-12-03",4.52
"2007-12-04",4.5
"2007-12-05",4.31
"2007-12-06",4.49
"2007-12-07",4.41
"2007-12-08",4.41
"2007-12-09",4.41
"2007-12-10",4.46
"2007-12-11",4.29
"2007-12-12",4.28
"2007-12-13",4.3
"2007-12-14",4.24
"2007-12-15",4.24
"2007-12-16",4.24
"2007-12-17",4.31
"2007-12-18",4.16
"2007-12-19",3.98
"2007-12-20",4.37
"2007-12-21",4.28
"2007-12-22",4.28
"2007-12-23",4.28
"2007-12-24",4
"2007-12-25",4
"2007-12-26",4.26
"2007-12-27",4.15
"2007-12-28",4.01
"2007-12-29",4.01
"2007-12-30",4.01
"2007-12-31",3.06
"2008-01-01",3.06
"2008-01-02",4.11
"2008-01-03",4.25
"2008-01-04",4.18
"2008-01-05",4.18
"2008-01-06",4.18
"2008-01-07",4.27
"2008-01-08",4.27
"2008-01-09",4.26
"2008-01-10",4.26
"2008-01-11",4.23
"2008-01-12",4.23
"2008-01-13",4.23
"2008-01-14",4.24
"2008-01-15",4.24
"2008-01-16",4.22
"2008-01-17",4.23
"2008-01-18",4.17
"2008-01-19",4.17
"2008-01-20",4.17
"2008-01-21",4.17
"2008-01-22",3.68
"2008-01-23",3.43
"2008-01-24",3.47
"2008-01-25",3.6
"2008-01-26",3.6
"2008-01-27",3.6
"2008-01-28",3.5
"2008-01-29",3.47
"2008-01-30",3.26
"2008-01-31",3.22
"2008-02-01",3.12
"2008-02-02",3.12
"2008-02-03",3.12
"2008-02-04",2.82
"2008-02-05",2.71
"2008-02-06",2.94
"2008-02-07",3.03
"2008-02-08",3.05
"2008-02-09",3.05
"2008-02-10",3.05
"2008-02-11",2.88
"2008-02-12",2.91
"2008-02-13",3.02
"2008-02-14",3.03
"2008-02-15",2.97
"2008-02-16",2.97
"2008-02-17",2.97
"2008-02-18",2.97
"2008-02-19",2.94
"2008-02-20",3
"2008-02-21",3.01
"2008-02-22",2.97
"2008-02-23",2.97
"2008-02-24",2.97
"2008-02-25",3
"2008-02-26",2.85
"2008-02-27",2.93
"2008-02-28",3.06
"2008-02-29",3.01
"2008-03-01",3.01
"2008-03-02",3.01
"2008-03-03",3.1
"2008-03-04",2.9
"2008-03-05",2.93
"2008-03-06",2.99
"2008-03-07",2.96
"2008-03-08",2.96
"2008-03-09",2.96
"2008-03-10",2.99
"2008-03-11",2.95
"2008-03-12",2.97
"2008-03-13",2.98
"2008-03-14",2.99
"2008-03-15",2.99
"2008-03-16",2.99
"2008-03-17",2.69
"2008-03-18",2.16
"2008-03-19",2.08
"2008-03-20",2.22
"2008-03-21",2.08
"2008-03-22",2.08
"2008-03-23",2.08
"2008-03-24",2.08
"2008-03-25",2.42
"2008-03-26",2.3
"2008-03-27",2.27
"2008-03-28",2.09
"2008-03-29",2.09
"2008-03-30",2.09
"2008-03-31",2.51
"2008-04-01",2.38
"2008-04-02",2.18
"2008-04-03",2.19
"2008-04-04",2.26
"2008-04-05",2.26
"2008-04-06",2.26
"2008-04-07",2.24
"2008-04-08",2.23
"2008-04-09",2.2
"2008-04-10",2.3
"2008-04-11",2.37
"2008-04-12",2.37
"2008-04-13",2.37
"2008-04-14",2.32
"2008-04-15",2.32
"2008-04-16",2.35
"2008-04-17",2.37
"2008-04-18",2.32
"2008-04-19",2.32
"2008-04-20",2.32
"2008-04-21",2.28
"2008-04-22",1.99
"2008-04-23",2.18
"2008-04-24",2.26
"2008-04-25",2.28
"2008-04-26",2.28
"2008-04-27",2.28
"2008-04-28",2.29
"2008-04-29",2.21
"2008-04-30",2.37
"2008-05-01",2.16
"2008-05-02",1.88
"2008-05-03",1.88
"2008-05-04",1.88
"2008-05-05",1.85
"2008-05-06",1.91
"2008-05-07",2.01
"2008-05-08",1.99
"2008-05-09",1.97
"2008-05-10",1.97
"2008-05-11",1.97
"2008-05-12",1.88
"2008-05-13",1.93
"2008-05-14",2.03
"2008-05-15",2.03
"2008-05-16",1.91
"2008-05-17",1.91
"2008-05-18",1.91
"2008-05-19",1.95
"2008-05-20",1.99
"2008-05-21",2.03
"2008-05-22",2.05
"2008-05-23",1.99
"2008-05-24",1.99
"2008-05-25",1.99
"2008-05-26",1.99
"2008-05-27",2.23
"2008-05-28",2.08
"2008-05-29",2.01
"2008-05-30",1.98
"2008-05-31",1.98
"2008-06-01",1.98
"2008-06-02",2.06
"2008-06-03",1.95
"2008-06-04",1.98
"2008-06-05",1.98
"2008-06-06",2.01
"2008-06-07",2.01
"2008-06-08",2.01
"2008-06-09",2.02
"2008-06-10",1.96
"2008-06-11",1.95
"2008-06-12",2.01
"2008-06-13",2.02
"2008-06-14",2.02
"2008-06-15",2.02
"2008-06-16",2.06
"2008-06-17",1.87
"2008-06-18",1.84
"2008-06-19",1.94
"2008-06-20",1.99
"2008-06-21",1.99
"2008-06-22",1.99
"2008-06-23",1.98
"2008-06-24",1.93
"2008-06-25",1.97
"2008-06-26",2.05
"2008-06-27",1.99
"2008-06-28",1.99
"2008-06-29",1.99
"2008-06-30",2.47
"2008-07-01",2.11
"2008-07-02",1.95
"2008-07-03",1.92
"2008-07-04",1.92
"2008-07-05",1.92
"2008-07-06",1.92
"2008-07-07",1.99
"2008-07-08",1.97
"2008-07-09",1.99
"2008-07-10",2.01
"2008-07-11",1.97
"2008-07-12",1.97
"2008-07-13",1.97
"2008-07-14",2.06
"2008-07-15",2.16
"2008-07-16",1.95
"2008-07-17",2.03
"2008-07-18",1.96
"2008-07-19",1.96
"2008-07-20",1.96
"2008-07-21",1.98
"2008-07-22",1.97
"2008-07-23",2.04
"2008-07-24",2.06
"2008-07-25",2.13
"2008-07-26",2.13
"2008-07-27",2.13
"2008-07-28",2
"2008-07-29",2.05
"2008-07-30",2.03
"2008-07-31",2.09
"2008-08-01",2.04
"2008-08-02",2.04
"2008-08-03",2.04
"2008-08-04",1.97
"2008-08-05",1.97
"2008-08-06",2.01
"2008-08-07",1.96
"2008-08-08",2.01
"2008-08-09",2.01
"2008-08-10",2.01
"2008-08-11",1.99
"2008-08-12",1.95
"2008-08-13",1.98
"2008-08-14",2.09
"2008-08-15",2.08
"2008-08-16",2.08
"2008-08-17",2.08
"2008-08-18",1.91
"2008-08-19",1.94
"2008-08-20",1.98
"2008-08-21",2.01
"2008-08-22",2.02
"2008-08-23",2.02
"2008-08-24",2.02
"2008-08-25",2.01
"2008-08-26",1.88
"2008-08-27",1.98
"2008-08-28",1.99
"2008-08-29",1.94
"2008-08-30",1.94
"2008-08-31",1.94
"2008-09-01",1.94
"2008-09-02",1.96
"2008-09-03",2.01
"2008-09-04",1.99
"2008-09-05",1.97
"2008-09-06",1.97
"2008-09-07",1.97
"2008-09-08",1.92
"2008-09-09",1.96
"2008-09-10",2.12
"2008-09-11",2
"2008-09-12",2.1
"2008-09-13",2.1
"2008-09-14",2.1
"2008-09-15",2.64
"2008-09-16",1.98
"2008-09-17",2.8
"2008-09-18",2.16
"2008-09-19",1.48
"2008-09-20",1.48
"2008-09-21",1.48
"2008-09-22",1.51
"2008-09-23",1.46
"2008-09-24",1.19
"2008-09-25",1.23
"2008-09-26",1.08
"2008-09-27",1.08
"2008-09-28",1.08
"2008-09-29",1.56
"2008-09-30",2.03
"2008-10-01",1.15
"2008-10-02",0.67
"2008-10-03",1.1
"2008-10-04",1.1
"2008-10-05",1.1
"2008-10-06",1.96
"2008-10-07",2.97
"2008-10-08",2.24
"2008-10-09",1.4
"2008-10-10",0.79
"2008-10-11",0.79
"2008-10-12",0.79
"2008-10-13",0.79
"2008-10-14",1.1
"2008-10-15",1.04
"2008-10-16",0.83
"2008-10-17",0.6
"2008-10-18",0.6
"2008-10-19",0.6
"2008-10-20",0.7
"2008-10-21",0.67
"2008-10-22",0.81
"2008-10-23",0.93
"2008-10-24",0.95
"2008-10-25",0.95
"2008-10-26",0.95
"2008-10-27",0.92
"2008-10-28",0.67
"2008-10-29",0.36
"2008-10-30",0.3
"2008-10-31",0.22
"2008-11-01",0.22
"2008-11-02",0.22
"2008-11-03",0.23
"2008-11-04",0.23
"2008-11-05",0.23
"2008-11-06",0.23
"2008-11-07",0.27
"2008-11-08",0.27
"2008-11-09",0.27
"2008-11-10",0.29
"2008-11-11",0.29
"2008-11-12",0.35
"2008-11-13",0.35
"2008-11-14",0.34
"2008-11-15",0.34
"2008-11-16",0.34
"2008-11-17",0.37
"2008-11-18",0.38
"2008-11-19",0.38
"2008-11-20",0.49
"2008-11-21",0.57
"2008-11-22",0.57
"2008-11-23",0.57
"2008-11-24",0.62
"2008-11-25",0.59
"2008-11-26",0.53
"2008-11-27",0.53
"2008-11-28",0.52
"2008-11-29",0.52
"2008-11-30",0.52
"2008-12-01",0.52
"2008-12-02",0.47
"2008-12-03",0.36
"2008-12-04",0.2
"2008-12-05",0.12
"2008-12-06",0.12
"2008-12-07",0.12
"2008-12-08",0.12
"2008-12-09",0.13
"2008-12-10",0.11
"2008-12-11",0.14
"2008-12-12",0.15
"2008-12-13",0.15
"2008-12-14",0.15
"2008-12-15",0.18
"2008-12-16",0.17
"2008-12-17",0.12
"2008-12-18",0.11
"2008-12-19",0.11
"2008-12-20",0.11
"2008-12-21",0.11
"2008-12-22",0.11
"2008-12-23",0.11
"2008-12-24",0.11
"2008-12-25",0.11
"2008-12-26",0.09
"2008-12-27",0.09
"2008-12-28",0.09
"2008-12-29",0.1
"2008-12-30",0.09
"2008-12-31",0.14
"2009-01-01",0.14
"2009-01-02",0.08
"2009-01-03",0.08
"2009-01-04",0.08
"2009-01-05",0.11
"2009-01-06",0.09
"2009-01-07",0.11
"2009-01-08",0.1
"2009-01-09",0.09
"2009-01-10",0.09
"2009-01-11",0.09
"2009-01-12",0.1
"2009-01-13",0.1
"2009-01-14",0.15
"2009-01-15",0.18
"2009-01-16",0.19
"2009-01-17",0.19
"2009-01-18",0.19
"2009-01-19",0.19
"2009-01-20",0.2
"2009-01-21",0.23
"2009-01-22",0.21
"2009-01-23",0.18
"2009-01-24",0.18
"2009-01-25",0.18
"2009-01-26",0.19
"2009-01-27",0.18
"2009-01-28",0.19
"2009-01-29",0.23
"2009-01-30",0.23
"2009-01-31",0.23
"2009-02-01",0.23
"2009-02-02",0.24
"2009-02-03",0.24
"2009-02-04",0.24
"2009-02-05",0.23
"2009-02-06",0.23
"2009-02-07",0.23
"2009-02-08",0.23
"2009-02-09",0.22
"2009-02-10",0.24
"2009-02-11",0.22
"2009-02-12",0.23
"2009-02-13",0.22
"2009-02-14",0.22
"2009-02-15",0.22
"2009-02-16",0.22
"2009-02-17",0.25
"2009-02-18",0.23
"2009-02-19",0.21
"2009-02-20",0.2
"2009-02-21",0.2
"2009-02-22",0.2
"2009-02-23",0.19
"2009-02-24",0.21
"2009-02-25",0.21
"2009-02-26",0.22
"2009-02-27",0.22
"2009-02-28",0.22
"2009-03-01",0.22
"2009-03-02",0.22
"2009-03-03",0.2
"2009-03-04",0.21
"2009-03-05",0.2
"2009-03-06",0.2
"2009-03-07",0.2
"2009-03-08",0.2
"2009-03-09",0.2
"2009-03-10",0.2
"2009-03-11",0.19
"2009-03-12",0.18
"2009-03-13",0.15
"2009-03-14",0.15
"2009-03-15",0.15
"2009-03-16",0.2
"2009-03-17",0.2
"2009-03-18",0.18
"2009-03-19",0.17
"2009-03-20",0.18
"2009-03-21",0.18
"2009-03-22",0.18
"2009-03-23",0.17
"2009-03-24",0.17
"2009-03-25",0.17
"2009-03-26",0.16
"2009-03-27",0.15
"2009-03-28",0.15
"2009-03-29",0.15
"2009-03-30",0.16
"2009-03-31",0.16
"2009-04-01",0.16
"2009-04-02",0.16
"2009-04-03",0.13
"2009-04-04",0.13
"2009-04-05",0.13
"2009-04-06",0.14
"2009-04-07",0.14
"2009-04-08",0.14
"2009-04-09",0.14
"2009-04-10",0.15
"2009-04-11",0.15
"2009-04-12",0.15
"2009-04-13",0.13
"2009-04-14",0.16
"2009-04-15",0.16
"2009-04-16",0.15
"2009-04-17",0.13
"2009-04-18",0.13
"2009-04-19",0.13
"2009-04-20",0.14
"2009-04-21",0.15
"2009-04-22",0.15
"2009-04-23",0.17
"2009-04-24",0.16
"2009-04-25",0.16
"2009-04-26",0.16
"2009-04-27",0.17
"2009-04-28",0.16
"2009-04-29",0.18
"2009-04-30",0.2
"2009-05-01",0.22
"2009-05-02",0.22
"2009-05-03",0.22
"2009-05-04",0.22
"2009-05-05",0.2
"2009-05-06",0.18
"2009-05-07",0.18
"2009-05-08",0.17
"2009-05-09",0.17
"2009-05-10",0.17
"2009-05-11",0.17
"2009-05-12",0.16
"2009-05-13",0.16
"2009-05-14",0.16
"2009-05-15",0.17
"2009-05-16",0.17
"2009-05-17",0.17
"2009-05-18",0.16
"2009-05-19",0.15
"2009-05-20",0.14
"2009-05-21",0.17
"2009-05-22",0.17
"2009-05-23",0.17
"2009-05-24",0.17
"2009-05-25",0.17
"2009-05-26",0.18
"2009-05-27",0.17
"2009-05-28",0.17
"2009-05-29",0.19
"2009-05-30",0.19
"2009-05-31",0.19
"2009-06-01",0.21
"2009-06-02",0.2
"2009-06-03",0.21
"2009-06-04",0.2
"2009-06-05",0.21
"2009-06-06",0.21
"2009-06-07",0.21
"2009-06-08",0.21
"2009-06-09",0.18
"2009-06-10",0.18
"2009-06-11",0.17
"2009-06-12",0.17
"2009-06-13",0.17
"2009-06-14",0.17
"2009-06-15",0.22
"2009-06-16",0.22
"2009-06-17",0.24
"2009-06-18",0.25
"2009-06-19",0.25
"2009-06-20",0.25
"2009-06-21",0.25
"2009-06-22",0.24
"2009-06-23",0.24
"2009-06-24",0.21
"2009-06-25",0.19
"2009-06-26",0.18
"2009-06-27",0.18
"2009-06-28",0.18
"2009-06-29",0.17
"2009-06-30",0.22
"2009-07-01",0.2
"2009-07-02",0.17
"2009-07-03",0.16
"2009-07-04",0.16
"2009-07-05",0.16
"2009-07-06",0.18
"2009-07-07",0.18
"2009-07-08",0.16
"2009-07-09",0.15
"2009-07-10",0.15
"2009-07-11",0.15
"2009-07-12",0.15
"2009-07-13",0.13
"2009-07-14",0.13
"2009-07-15",0.14
"2009-07-16",0.15
"2009-07-17",0.15
"2009-07-18",0.15
"2009-07-19",0.15
"2009-07-20",0.15
"2009-07-21",0.14
"2009-07-22",0.14
"2009-07-23",0.15
"2009-07-24",0.15
"2009-07-25",0.15
"2009-07-26",0.15
"2009-07-27",0.16
"2009-07-28",0.15
"2009-07-29",0.17
"2009-07-30",0.17
"2009-07-31",0.18
"2009-08-01",0.18
"2009-08-02",0.18
"2009-08-03",0.18
"2009-08-04",0.17
"2009-08-05",0.17
"2009-08-06",0.17
"2009-08-07",0.17
"2009-08-08",0.17
"2009-08-09",0.17
"2009-08-10",0.17
"2009-08-11",0.16
"2009-08-12",0.15
"2009-08-13",0.15
"2009-08-14",0.15
"2009-08-15",0.15
"2009-08-16",0.15
"2009-08-17",0.17
"2009-08-18",0.17
"2009-08-19",0.17
"2009-08-20",0.17
"2009-08-21",0.16
"2009-08-22",0.16
"2009-08-23",0.16
"2009-08-24",0.16
"2009-08-25",0.15
"2009-08-26",0.15
"2009-08-27",0.14
"2009-08-28",0.14
"2009-08-29",0.14
"2009-08-30",0.14
"2009-08-31",0.15
"2009-09-01",0.15
"2009-09-02",0.16
"2009-09-03",0.15
"2009-09-04",0.15
"2009-09-05",0.15
"2009-09-06",0.15
"2009-09-07",0.15
"2009-09-08",0.15
"2009-09-09",0.15
"2009-09-10",0.16
"2009-09-11",0.15
"2009-09-12",0.15
"2009-09-13",0.15
"2009-09-14",0.16
"2009-09-15",0.17
"2009-09-16",0.17
"2009-09-17",0.16
"2009-09-18",0.16
"2009-09-19",0.16
"2009-09-20",0.16
"2009-09-21",0.15
"2009-09-22",0.15
"2009-09-23",0.15
"2009-09-24",0.14
"2009-09-25",0.13
"2009-09-26",0.13
"2009-09-27",0.13
"2009-09-28",0.13
"2009-09-29",0.11
"2009-09-30",0.07
"2009-10-01",0.11
"2009-10-02",0.13
"2009-10-03",0.13
"2009-10-04",0.13
"2009-10-05",0.13
"2009-10-06",0.12
"2009-10-07",0.13
"2009-10-08",0.12
"2009-10-09",0.12
"2009-10-10",0.12
"2009-10-11",0.12
"2009-10-12",0.12
"2009-10-13",0.12
"2009-10-14",0.12
"2009-10-15",0.13
"2009-10-16",0.12
"2009-10-17",0.12
"2009-10-18",0.12
"2009-10-19",0.12
"2009-10-20",0.12
"2009-10-21",0.11
"2009-10-22",0.11
"2009-10-23",0.11
"2009-10-24",0.11
"2009-10-25",0.11
"2009-10-26",0.11
"2009-10-27",0.11
"2009-10-28",0.11
"2009-10-29",0.11
"2009-10-30",0.11
"2009-10-31",0.11
"2009-11-01",0.11
"2009-11-02",0.12
"2009-11-03",0.12
"2009-11-04",0.13
"2009-11-05",0.13
"2009-11-06",0.12
"2009-11-07",0.12
"2009-11-08",0.12
"2009-11-09",0.12
"2009-11-10",0.13
"2009-11-11",0.13
"2009-11-12",0.12
"2009-11-13",0.12
"2009-11-14",0.12
"2009-11-15",0.12
"2009-11-16",0.12
"2009-11-17",0.12
"2009-11-18",0.11
"2009-11-19",0.11
"2009-11-20",0.11
"2009-11-21",0.11
"2009-11-22",0.11
"2009-11-23",0.12
"2009-11-24",0.12
"2009-11-25",0.11
"2009-11-26",0.11
"2009-11-27",0.12
"2009-11-28",0.12
"2009-11-29",0.12
"2009-11-30",0.13
"2009-12-01",0.13
"2009-12-02",0.13
"2009-12-03",0.13
"2009-12-04",0.12
"2009-12-05",0.12
"2009-12-06",0.12
"2009-12-07",0.12
"2009-12-08",0.12
"2009-12-09",0.12
"2009-12-10",0.12
"2009-12-11",0.12
"2009-12-12",0.12
"2009-12-13",0.12
"2009-12-14",0.12
"2009-12-15",0.13
"2009-12-16",0.14
"2009-12-17",0.13
"2009-12-18",0.12
"2009-12-19",0.12
"2009-12-20",0.12
"2009-12-21",0.12
"2009-12-22",0.12
"2009-12-23",0.11
"2009-12-24",0.11
"2009-12-25",0.11
"2009-12-26",0.11
"2009-12-27",0.11
"2009-12-28",0.12
"2009-12-29",0.12
"2009-12-30",0.11
"2009-12-31",0.05
"2010-01-01",0.05
"2010-01-02",0.05
"2010-01-03",0.05
"2010-01-04",0.12
"2010-01-05",0.12
"2010-01-06",0.12
"2010-01-07",0.1
"2010-01-08",0.11
"2010-01-09",0.11
"2010-01-10",0.11
"2010-01-11",0.11
"2010-01-12",0.11
"2010-01-13",0.11
"2010-01-14",0.11
"2010-01-15",0.12
"2010-01-16",0.12
"2010-01-17",0.12
"2010-01-18",0.12
"2010-01-19",0.13
"2010-01-20",0.13
"2010-01-21",0.12
"2010-01-22",0.11
"2010-01-23",0.11
"2010-01-24",0.11
"2010-01-25",0.12
"2010-01-26",0.12
"2010-01-27",0.12
"2010-01-28",0.12
"2010-01-29",0.12
"2010-01-30",0.12
"2010-01-31",0.12
"2010-02-01",0.14
"2010-02-02",0.14
"2010-02-03",0.13
"2010-02-04",0.14
"2010-02-05",0.13
"2010-02-06",0.13
"2010-02-07",0.13
"2010-02-08",0.13
"2010-02-09",0.13
"2010-02-10",0.12
"2010-02-11",0.12
"2010-02-12",0.12
"2010-02-13",0.12
"2010-02-14",0.12
"2010-02-15",0.12
"2010-02-16",0.13
"2010-02-17",0.12
"2010-02-18",0.12
"2010-02-19",0.13
"2010-02-20",0.13
"2010-02-21",0.13
"2010-02-22",0.12
"2010-02-23",0.12
"2010-02-24",0.11
"2010-02-25",0.12
"2010-02-26",0.13
"2010-02-27",0.13
"2010-02-28",0.13
"2010-03-01",0.14
"2010-03-02",0.14
"2010-03-03",0.15
"2010-03-04",0.16
"2010-03-05",0.17
"2010-03-06",0.17
"2010-03-07",0.17
"2010-03-08",0.15
"2010-03-09",0.14
"2010-03-10",0.14
"2010-03-11",0.15
"2010-03-12",0.17
"2010-03-13",0.17
"2010-03-14",0.17
"2010-03-15",0.2
"2010-03-16",0.2
"2010-03-17",0.18
"2010-03-18",0.18
"2010-03-19",0.18
"2010-03-20",0.18
"2010-03-21",0.18
"2010-03-22",0.18
"2010-03-23",0.17
"2010-03-24",0.17
"2010-03-25",0.17
"2010-03-26",0.17
"2010-03-27",0.17
"2010-03-28",0.17
"2010-03-29",0.16
"2010-03-30",0.16
"2010-03-31",0.09
"2010-04-01",0.17
"2010-04-02",0.2
"2010-04-03",0.2
"2010-04-04",0.2
"2010-04-05",0.2
"2010-04-06",0.2
"2010-04-07",0.19
"2010-04-08",0.19
"2010-04-09",0.19
"2010-04-10",0.19
"2010-04-11",0.19
"2010-04-12",0.19
"2010-04-13",0.2
"2010-04-14",0.2
"2010-04-15",0.22
"2010-04-16",0.21
"2010-04-17",0.21
"2010-04-18",0.21
"2010-04-19",0.2
"2010-04-20",0.2
"2010-04-21",0.2
"2010-04-22",0.2
"2010-04-23",0.2
"2010-04-24",0.2
"2010-04-25",0.2
"2010-04-26",0.2
"2010-04-27",0.2
"2010-04-28",0.2
"2010-04-29",0.19
"2010-04-30",0.2
"2010-05-01",0.2
"2010-05-02",0.2
"2010-05-03",0.2
"2010-05-04",0.21
"2010-05-05",0.21
"2010-05-06",0.2
"2010-05-07",0.2
"2010-05-08",0.2
"2010-05-09",0.2
"2010-05-10",0.2
"2010-05-11",0.2
"2010-05-12",0.2
"2010-05-13",0.2
"2010-05-14",0.2
"2010-05-15",0.2
"2010-05-16",0.2
"2010-05-17",0.21
"2010-05-18",0.21
"2010-05-19",0.2
"2010-05-20",0.2
"2010-05-21",0.2
"2010-05-22",0.2
"2010-05-23",0.2
"2010-05-24",0.21
"2010-05-25",0.21
"2010-05-26",0.2
"2010-05-27",0.2
"2010-05-28",0.19
"2010-05-29",0.19
"2010-05-30",0.19
"2010-05-31",0.19
"2010-06-01",0.2
"2010-06-02",0.2
"2010-06-03",0.19
"2010-06-04",0.19
"2010-06-05",0.19
"2010-06-06",0.19
"2010-06-07",0.19
"2010-06-08",0.19
"2010-06-09",0.18
"2010-06-10",0.18
"2010-06-11",0.18
"2010-06-12",0.18
"2010-06-13",0.18
"2010-06-14",0.18
"2010-06-15",0.19
"2010-06-16",0.19
"2010-06-17",0.19
"2010-06-18",0.18
"2010-06-19",0.18
"2010-06-20",0.18
"2010-06-21",0.17
"2010-06-22",0.18
"2010-06-23",0.17
"2010-06-24",0.16
"2010-06-25",0.16
"2010-06-26",0.16
"2010-06-27",0.16
"2010-06-28",0.17
"2010-06-29",0.15
"2010-06-30",0.09
"2010-07-01",0.17
"2010-07-02",0.18
"2010-07-03",0.18
"2010-07-04",0.18
"2010-07-05",0.18
"2010-07-06",0.18
"2010-07-07",0.18
"2010-07-08",0.17
"2010-07-09",0.18
"2010-07-10",0.18
"2010-07-11",0.18
"2010-07-12",0.17
"2010-07-13",0.17
"2010-07-14",0.17
"2010-07-15",0.19
"2010-07-16",0.19
"2010-07-17",0.19
"2010-07-18",0.19
"2010-07-19",0.19
"2010-07-20",0.18
"2010-07-21",0.18
"2010-07-22",0.18
"2010-07-23",0.19
"2010-07-24",0.19
"2010-07-25",0.19
"2010-07-26",0.19
"2010-07-27",0.19
"2010-07-28",0.2
"2010-07-29",0.19
"2010-07-30",0.18
"2010-07-31",0.18
"2010-08-01",0.18
"2010-08-02",0.19
"2010-08-03",0.19
"2010-08-04",0.19
"2010-08-05",0.19
"2010-08-06",0.18
"2010-08-07",0.18
"2010-08-08",0.18
"2010-08-09",0.18
"2010-08-10",0.18
"2010-08-11",0.17
"2010-08-12",0.18
"2010-08-13",0.19
"2010-08-14",0.19
"2010-08-15",0.19
"2010-08-16",0.2
"2010-08-17",0.2
"2010-08-18",0.19
"2010-08-19",0.19
"2010-08-20",0.2
"2010-08-21",0.2
"2010-08-22",0.2
"2010-08-23",0.19
"2010-08-24",0.19
"2010-08-25",0.19
"2010-08-26",0.19
"2010-08-27",0.19
"2010-08-28",0.19
"2010-08-29",0.19
"2010-08-30",0.19
"2010-08-31",0.21
"2010-09-01",0.19
"2010-09-02",0.19
"2010-09-03",0.19
"2010-09-04",0.19
"2010-09-05",0.19
"2010-09-06",0.19
"2010-09-07",0.2
"2010-09-08",0.19
"2010-09-09",0.18
"2010-09-10",0.18
"2010-09-11",0.18
"2010-09-12",0.18
"2010-09-13",0.18
"2010-09-14",0.19
"2010-09-15",0.21
"2010-09-16",0.21
"2010-09-17",0.21
"2010-09-18",0.21
"2010-09-19",0.21
"2010-09-20",0.21
"2010-09-21",0.2
"2010-09-22",0.21
"2010-09-23",0.2
"2010-09-24",0.21
"2010-09-25",0.21
"2010-09-26",0.21
"2010-09-27",0.19
"2010-09-28",0.19
"2010-09-29",0.19
"2010-09-30",0.15
"2010-10-01",0.2
"2010-10-02",0.2
"2010-10-03",0.2
"2010-10-04",0.2
"2010-10-05",0.2
"2010-10-06",0.19
"2010-10-07",0.18
"2010-10-08",0.18
"2010-10-09",0.18
"2010-10-10",0.18
"2010-10-11",0.18
"2010-10-12",0.18
"2010-10-13",0.18
"2010-10-14",0.19
"2010-10-15",0.2
"2010-10-16",0.2
"2010-10-17",0.2
"2010-10-18",0.19
"2010-10-19",0.19
"2010-10-20",0.19
"2010-10-21",0.19
"2010-10-22",0.19
"2010-10-23",0.19
"2010-10-24",0.19
"2010-10-25",0.19
"2010-10-26",0.19
"2010-10-27",0.19
"2010-10-28",0.19
"2010-10-29",0.2
"2010-10-30",0.2
"2010-10-31",0.2
"2010-11-01",0.2
"2010-11-02",0.2
"2010-11-03",0.2
"2010-11-04",0.19
"2010-11-05",0.18
"2010-11-06",0.18
"2010-11-07",0.18
"2010-11-08",0.18
"2010-11-09",0.17
"2010-11-10",0.17
"2010-11-11",0.17
"2010-11-12",0.19
"2010-11-13",0.19
"2010-11-14",0.19
"2010-11-15",0.21
"2010-11-16",0.21
"2010-11-17",0.2
"2010-11-18",0.2
"2010-11-19",0.21
"2010-11-20",0.21
"2010-11-21",0.21
"2010-11-22",0.19
"2010-11-23",0.2
"2010-11-24",0.2
"2010-11-25",0.2
"2010-11-26",0.2
"2010-11-27",0.2
"2010-11-28",0.2
"2010-11-29",0.2
"2010-11-30",0.2
"2010-12-01",0.2
"2010-12-02",0.19
"2010-12-03",0.18
"2010-12-04",0.18
"2010-12-05",0.18
"2010-12-06",0.18
"2010-12-07",0.17
"2010-12-08",0.17
"2010-12-09",0.16
"2010-12-10",0.16
"2010-12-11",0.16
"2010-12-12",0.16
"2010-12-13",0.17
"2010-12-14",0.19
"2010-12-15",0.2
"2010-12-16",0.2
"2010-12-17",0.2
"2010-12-18",0.2
"2010-12-19",0.2
"2010-12-20",0.21
"2010-12-21",0.2
"2010-12-22",0.19
"2010-12-23",0.19
"2010-12-24",0.19
"2010-12-25",0.19
"2010-12-26",0.19
"2010-12-27",0.19
"2010-12-28",0.18
"2010-12-29",0.18
"2010-12-30",0.19
"2010-12-31",0.13
"2011-01-01",0.13
"2011-01-02",0.13
"2011-01-03",0.19
"2011-01-04",0.18
"2011-01-05",0.18
"2011-01-06",0.17
"2011-01-07",0.17
"2011-01-08",0.17
"2011-01-09",0.17
"2011-01-10",0.17
"2011-01-11",0.17
"2011-01-12",0.16
"2011-01-13",0.16
"2011-01-14",0.16
"2011-01-15",0.16
"2011-01-16",0.16
"2011-01-17",0.16
"2011-01-18",0.19
"2011-01-19",0.18
"2011-01-20",0.18
"2011-01-21",0.17
"2011-01-22",0.17
"2011-01-23",0.17
"2011-01-24",0.18
"2011-01-25",0.17
"2011-01-26",0.17
"2011-01-27",0.17
"2011-01-28",0.17
"2011-01-29",0.17
"2011-01-30",0.17
"2011-01-31",0.17
"2011-02-01",0.18
"2011-02-02",0.18
"2011-02-03",0.17
"2011-02-04",0.17
"2011-02-05",0.17
"2011-02-06",0.17
"2011-02-07",0.17
"2011-02-08",0.16
"2011-02-09",0.15
"2011-02-10",0.15
"2011-02-11",0.15
"2011-02-12",0.15
"2011-02-13",0.15
"2011-02-14",0.15
"2011-02-15",0.16
"2011-02-16",0.15
"2011-02-17",0.15
"2011-02-18",0.15
"2011-02-19",0.15
"2011-02-20",0.15
"2011-02-21",0.15
"2011-02-22",0.15
"2011-02-23",0.15
"2011-02-24",0.15
"2011-02-25",0.15
"2011-02-26",0.15
"2011-02-27",0.15
"2011-02-28",0.16
"2011-03-01",0.15
"2011-03-02",0.16
"2011-03-03",0.15
"2011-03-04",0.15
"2011-03-05",0.15
"2011-03-06",0.15
"2011-03-07",0.14
"2011-03-08",0.14
"2011-03-09",0.14
"2011-03-10",0.14
"2011-03-11",0.13
"2011-03-12",0.13
"2011-03-13",0.13
"2011-03-14",0.14
"2011-03-15",0.14
"2011-03-16",0.14
"2011-03-17",0.14
"2011-03-18",0.15
"2011-03-19",0.15
"2011-03-20",0.15
"2011-03-21",0.14
"2011-03-22",0.14
"2011-03-23",0.14
"2011-03-24",0.13
"2011-03-25",0.13
"2011-03-26",0.13
"2011-03-27",0.13
"2011-03-28",0.13
"2011-03-29",0.13
"2011-03-30",0.13
"2011-03-31",0.1
"2011-04-01",0.11
"2011-04-02",0.11
"2011-04-03",0.11
"2011-04-04",0.09
"2011-04-05",0.09
"2011-04-06",0.1
"2011-04-07",0.1
"2011-04-08",0.09
"2011-04-09",0.09
"2011-04-10",0.09
"2011-04-11",0.09
"2011-04-12",0.08
"2011-04-13",0.08
"2011-04-14",0.09
"2011-04-15",0.12
"2011-04-16",0.12
"2011-04-17",0.12
"2011-04-18",0.1
"2011-04-19",0.11
"2011-04-20",0.1
"2011-04-21",0.1
"2011-04-22",0.1
"2011-04-23",0.1
"2011-04-24",0.1
"2011-04-25",0.1
"2011-04-26",0.09
"2011-04-27",0.09
"2011-04-28",0.09
"2011-04-29",0.09
"2011-04-30",0.09
"2011-05-01",0.09
"2011-05-02",0.09
"2011-05-03",0.09
"2011-05-04",0.09
"2011-05-05",0.09
"2011-05-06",0.09
"2011-05-07",0.09
"2011-05-08",0.09
"2011-05-09",0.09
"2011-05-10",0.09
"2011-05-11",0.09
"2011-05-12",0.09
"2011-05-13",0.09
"2011-05-14",0.09
"2011-05-15",0.09
"2011-05-16",0.1
"2011-05-17",0.09
"2011-05-18",0.1
"2011-05-19",0.09
"2011-05-20",0.1
"2011-05-21",0.1
"2011-05-22",0.1
"2011-05-23",0.1
"2011-05-24",0.1
"2011-05-25",0.09
"2011-05-26",0.09
"2011-05-27",0.1
"2011-05-28",0.1
"2011-05-29",0.1
"2011-05-30",0.1
"2011-05-31",0.1
"2011-06-01",0.1
"2011-06-02",0.1
"2011-06-03",0.11
"2011-06-04",0.11
"2011-06-05",0.11
"2011-06-06",0.1
"2011-06-07",0.09
"2011-06-08",0.09
"2011-06-09",0.09
"2011-06-10",0.09
"2011-06-11",0.09
"2011-06-12",0.09
"2011-06-13",0.1
"2011-06-14",0.1
"2011-06-15",0.1
"2011-06-16",0.1
"2011-06-17",0.1
"2011-06-18",0.1
"2011-06-19",0.1
"2011-06-20",0.09
"2011-06-21",0.09
"2011-06-22",0.09
"2011-06-23",0.08
"2011-06-24",0.08
"2011-06-25",0.08
"2011-06-26",0.08
"2011-06-27",0.08
"2011-06-28",0.08
"2011-06-29",0.07
"2011-06-30",0.07
"2011-07-01",0.08
"2011-07-02",0.08
"2011-07-03",0.08
"2011-07-04",0.08
"2011-07-05",0.08
"2011-07-06",0.07
"2011-07-07",0.07
"2011-07-08",0.07
"2011-07-09",0.07
"2011-07-10",0.07
"2011-07-11",0.07
"2011-07-12",0.06
"2011-07-13",0.06
"2011-07-14",0.06
"2011-07-15",0.06
"2011-07-16",0.06
"2011-07-17",0.06
"2011-07-18",0.06
"2011-07-19",0.06
"2011-07-20",0.06
"2011-07-21",0.06
"2011-07-22",0.06
"2011-07-23",0.06
"2011-07-24",0.06
"2011-07-25",0.06
"2011-07-26",0.06
"2011-07-27",0.07
"2011-07-28",0.08
"2011-07-29",0.11
"2011-07-30",0.11
"2011-07-31",0.11
"2011-08-01",0.17
"2011-08-02",0.16
"2011-08-03",0.12
"2011-08-04",0.09
"2011-08-05",0.08
"2011-08-06",0.08
"2011-08-07",0.08
"2011-08-08",0.11
"2011-08-09",0.1
"2011-08-10",0.1
"2011-08-11",0.09
"2011-08-12",0.1
"2011-08-13",0.1
"2011-08-14",0.1
"2011-08-15",0.1
"2011-08-16",0.09
"2011-08-17",0.09
"2011-08-18",0.09
"2011-08-19",0.09
"2011-08-20",0.09
"2011-08-21",0.09
"2011-08-22",0.09
"2011-08-23",0.08
"2011-08-24",0.08
"2011-08-25",0.08
"2011-08-26",0.09
"2011-08-27",0.09
"2011-08-28",0.09
"2011-08-29",0.09
"2011-08-30",0.08
"2011-08-31",0.08
"2011-09-01",0.08
"2011-09-02",0.08
"2011-09-03",0.08
"2011-09-04",0.08
"2011-09-05",0.08
"2011-09-06",0.09
"2011-09-07",0.09
"2011-09-08",0.09
"2011-09-09",0.09
"2011-09-10",0.09
"2011-09-11",0.09
"2011-09-12",0.09
"2011-09-13",0.09
"2011-09-14",0.08
"2011-09-15",0.09
"2011-09-16",0.09
"2011-09-17",0.09
"2011-09-18",0.09
"2011-09-19",0.09
"2011-09-20",0.09
"2011-09-21",0.08
"2011-09-22",0.08
"2011-09-23",0.08
"2011-09-24",0.08
"2011-09-25",0.08
"2011-09-26",0.08
"2011-09-27",0.08
"2011-09-28",0.08
"2011-09-29",0.08
"2011-09-30",0.06
"2011-10-01",0.06
"2011-10-02",0.06
"2011-10-03",0.08
"2011-10-04",0.07
"2011-10-05",0.07
"2011-10-06",0.07
"2011-10-07",0.07
"2011-10-08",0.07
"2011-10-09",0.07
"2011-10-10",0.07
"2011-10-11",0.07
"2011-10-12",0.07
"2011-10-13",0.07
"2011-10-14",0.07
"2011-10-15",0.07
"2011-10-16",0.07
"2011-10-17",0.07
"2011-10-18",0.07
"2011-10-19",0.07
"2011-10-20",0.07
"2011-10-21",0.07
"2011-10-22",0.07
"2011-10-23",0.07
"2011-10-24",0.07
"2011-10-25",0.07
"2011-10-26",0.08
"2011-10-27",0.07
"2011-10-28",0.07
"2011-10-29",0.07
"2011-10-30",0.07
"2011-10-31",0.09
"2011-11-01",0.08
"2011-11-02",0.08
"2011-11-03",0.09
"2011-11-04",0.08
"2011-11-05",0.08
"2011-11-06",0.08
"2011-11-07",0.08
"2011-11-08",0.08
"2011-11-09",0.08
"2011-11-10",0.08
"2011-11-11",0.08
"2011-11-12",0.08
"2011-11-13",0.08
"2011-11-14",0.08
"2011-11-15",0.09
"2011-11-16",0.08
"2011-11-17",0.08
"2011-11-18",0.08
"2011-11-19",0.08
"2011-11-20",0.08
"2011-11-21",0.08
"2011-11-22",0.08
"2011-11-23",0.09
"2011-11-24",0.09
"2011-11-25",0.07
"2011-11-26",0.07
"2011-11-27",0.07
"2011-11-28",0.08
"2011-11-29",0.08
"2011-11-30",0.1
"2011-12-01",0.08
"2011-12-02",0.08
"2011-12-03",0.08
"2011-12-04",0.08
"2011-12-05",0.08
"2011-12-06",0.08
"2011-12-07",0.08
"2011-12-08",0.07
"2011-12-09",0.07
"2011-12-10",0.07
"2011-12-11",0.07
"2011-12-12",0.07
"2011-12-13",0.07
"2011-12-14",0.07
"2011-12-15",0.07
"2011-12-16",0.07
"2011-12-17",0.07
"2011-12-18",0.07
"2011-12-19",0.07
"2011-12-20",0.07
"2011-12-21",0.07
"2011-12-22",0.07
"2011-12-23",0.08
"2011-12-24",0.08
"2011-12-25",0.08
"2011-12-26",0.08
"2011-12-27",0.07
"2011-12-28",0.07
"2011-12-29",0.07
"2011-12-30",0.04
"2011-12-31",0.04
"2012-01-01",0.04
"2012-01-02",0.04
"2012-01-03",0.07
"2012-01-04",0.07
"2012-01-05",0.07
"2012-01-06",0.07
"2012-01-07",0.07
"2012-01-08",0.07
"2012-01-09",0.08
"2012-01-10",0.08
"2012-01-11",0.08
"2012-01-12",0.08
"2012-01-13",0.09
"2012-01-14",0.09
"2012-01-15",0.09
"2012-01-16",0.09
"2012-01-17",0.09
"2012-01-18",0.09
"2012-01-19",0.1
"2012-01-20",0.09
"2012-01-21",0.09
"2012-01-22",0.09
"2012-01-23",0.09
"2012-01-24",0.09
"2012-01-25",0.08
"2012-01-26",0.08
"2012-01-27",0.09
"2012-01-28",0.09
"2012-01-29",0.09
"2012-01-30",0.09
"2012-01-31",0.11
"2012-02-01",0.11
"2012-02-02",0.11
"2012-02-03",0.11
"2012-02-04",0.11
"2012-02-05",0.11
"2012-02-06",0.11
"2012-02-07",0.11
"2012-02-08",0.11
"2012-02-09",0.11
"2012-02-10",0.12
"2012-02-11",0.12
"2012-02-12",0.12
"2012-02-13",0.12
"2012-02-14",0.12
"2012-02-15",0.12
"2012-02-16",0.11
"2012-02-17",0.09
"2012-02-18",0.09
"2012-02-19",0.09
"2012-02-20",0.09
"2012-02-21",0.1
"2012-02-22",0.08
"2012-02-23",0.08
"2012-02-24",0.09
"2012-02-25",0.09
"2012-02-26",0.09
"2012-02-27",0.1
"2012-02-28",0.1
"2012-02-29",0.1
"2012-03-01",0.11
"2012-03-02",0.11
"2012-03-03",0.11
"2012-03-04",0.11
"2012-03-05",0.11
"2012-03-06",0.11
"2012-03-07",0.11
"2012-03-08",0.11
"2012-03-09",0.12
"2012-03-10",0.12
"2012-03-11",0.12
"2012-03-12",0.12
"2012-03-13",0.12
"2012-03-14",0.13
"2012-03-15",0.14
"2012-03-16",0.15
"2012-03-17",0.15
"2012-03-18",0.15
"2012-03-19",0.15
"2012-03-20",0.15
"2012-03-21",0.15
"2012-03-22",0.14
"2012-03-23",0.14
"2012-03-24",0.14
"2012-03-25",0.14
"2012-03-26",0.14
"2012-03-27",0.14
"2012-03-28",0.13
"2012-03-29",0.13
"2012-03-30",0.09
"2012-03-31",0.09
"2012-04-01",0.09
"2012-04-02",0.15
"2012-04-03",0.15
"2012-04-04",0.15
"2012-04-05",0.15
"2012-04-06",0.12
"2012-04-07",0.12
"2012-04-08",0.12
"2012-04-09",0.16
"2012-04-10",0.15
"2012-04-11",0.16
"2012-04-12",0.15
"2012-04-13",0.15
"2012-04-14",0.15
"2012-04-15",0.15
"2012-04-16",0.15
"2012-04-17",0.16
"2012-04-18",0.15
"2012-04-19",0.13
"2012-04-20",0.12
"2012-04-21",0.12
"2012-04-22",0.12
"2012-04-23",0.13
"2012-04-24",0.14
"2012-04-25",0.15
"2012-04-26",0.14
"2012-04-27",0.13
"2012-04-28",0.13
"2012-04-29",0.13
"2012-04-30",0.16
"2012-05-01",0.16
"2012-05-02",0.15
"2012-05-03",0.15
"2012-05-04",0.16
"2012-05-05",0.16
"2012-05-06",0.16
"2012-05-07",0.16
"2012-05-08",0.16
"2012-05-09",0.15
"2012-05-10",0.15
"2012-05-11",0.15
"2012-05-12",0.15
"2012-05-13",0.15
"2012-05-14",0.16
"2012-05-15",0.16
"2012-05-16",0.16
"2012-05-17",0.16
"2012-05-18",0.16
"2012-05-19",0.16
"2012-05-20",0.16
"2012-05-21",0.16
"2012-05-22",0.16
"2012-05-23",0.15
"2012-05-24",0.15
"2012-05-25",0.15
"2012-05-26",0.15
"2012-05-27",0.15
"2012-05-28",0.15
"2012-05-29",0.16
"2012-05-30",0.16
"2012-05-31",0.16
"2012-06-01",0.16
"2012-06-02",0.16
"2012-06-03",0.16
"2012-06-04",0.17
"2012-06-05",0.17
"2012-06-06",0.16
"2012-06-07",0.16
"2012-06-08",0.17
"2012-06-09",0.17
"2012-06-10",0.17
"2012-06-11",0.17
"2012-06-12",0.16
"2012-06-13",0.17
"2012-06-14",0.17
"2012-06-15",0.18
"2012-06-16",0.18
"2012-06-17",0.18
"2012-06-18",0.17
"2012-06-19",0.17
"2012-06-20",0.16
"2012-06-21",0.17
"2012-06-22",0.17
"2012-06-23",0.17
"2012-06-24",0.17
"2012-06-25",0.17
"2012-06-26",0.16
"2012-06-27",0.15
"2012-06-28",0.15
"2012-06-29",0.09
"2012-06-30",0.09
"2012-07-01",0.09
"2012-07-02",0.18
"2012-07-03",0.17
"2012-07-04",0.17
"2012-07-05",0.17
"2012-07-06",0.17
"2012-07-07",0.17
"2012-07-08",0.17
"2012-07-09",0.17
"2012-07-10",0.17
"2012-07-11",0.17
"2012-07-12",0.18
"2012-07-13",0.19
"2012-07-14",0.19
"2012-07-15",0.19
"2012-07-16",0.18
"2012-07-17",0.17
"2012-07-18",0.16
"2012-07-19",0.13
"2012-07-20",0.13
"2012-07-21",0.13
"2012-07-22",0.13
"2012-07-23",0.14
"2012-07-24",0.15
"2012-07-25",0.15
"2012-07-26",0.14
"2012-07-27",0.14
"2012-07-28",0.14
"2012-07-29",0.14
"2012-07-30",0.14
"2012-07-31",0.13
"2012-08-01",0.14
"2012-08-02",0.14
"2012-08-03",0.14
"2012-08-04",0.14
"2012-08-05",0.14
"2012-08-06",0.14
"2012-08-07",0.13
"2012-08-08",0.13
"2012-08-09",0.13
"2012-08-10",0.13
"2012-08-11",0.13
"2012-08-12",0.13
"2012-08-13",0.13
"2012-08-14",0.13
"2012-08-15",0.13
"2012-08-16",0.13
"2012-08-17",0.13
"2012-08-18",0.13
"2012-08-19",0.13
"2012-08-20",0.13
"2012-08-21",0.13
"2012-08-22",0.13
"2012-08-23",0.13
"2012-08-24",0.13
"2012-08-25",0.13
"2012-08-26",0.13
"2012-08-27",0.13
"2012-08-28",0.13
"2012-08-29",0.13
"2012-08-30",0.14
"2012-08-31",0.13
"2012-09-01",0.13
"2012-09-02",0.13
"2012-09-03",0.13
"2012-09-04",0.14
"2012-09-05",0.16
"2012-09-06",0.16
"2012-09-07",0.15
"2012-09-08",0.15
"2012-09-09",0.15
"2012-09-10",0.15
"2012-09-11",0.15
"2012-09-12",0.15
"2012-09-13",0.15
"2012-09-14",0.16
"2012-09-15",0.16
"2012-09-16",0.16
"2012-09-17",0.16
"2012-09-18",0.16
"2012-09-19",0.15
"2012-09-20",0.16
"2012-09-21",0.15
"2012-09-22",0.15
"2012-09-23",0.15
"2012-09-24",0.16
"2012-09-25",0.15
"2012-09-26",0.15
"2012-09-27",0.14
"2012-09-28",0.09
"2012-09-29",0.09
"2012-09-30",0.09
"2012-10-01",0.15
"2012-10-02",0.16
"2012-10-03",0.16
"2012-10-04",0.15
"2012-10-05",0.15
"2012-10-06",0.15
"2012-10-07",0.15
"2012-10-08",0.15
"2012-10-09",0.16
"2012-10-10",0.16
"2012-10-11",0.16
"2012-10-12",0.16
"2012-10-13",0.16
"2012-10-14",0.16
"2012-10-15",0.16
"2012-10-16",0.16
"2012-10-17",0.15
"2012-10-18",0.15
"2012-10-19",0.16
"2012-10-20",0.16
"2012-10-21",0.16
"2012-10-22",0.15
"2012-10-23",0.15
"2012-10-24",0.17
"2012-10-25",0.16
"2012-10-26",0.16
"2012-10-27",0.16
"2012-10-28",0.16
"2012-10-29",0.17
"2012-10-30",0.17
"2012-10-31",0.18
"2012-11-01",0.17
"2012-11-02",0.16
"2012-11-03",0.16
"2012-11-04",0.16
"2012-11-05",0.17
"2012-11-06",0.16
"2012-11-07",0.16
"2012-11-08",0.16
"2012-11-09",0.16
"2012-11-10",0.16
"2012-11-11",0.16
"2012-11-12",0.16
"2012-11-13",0.16
"2012-11-14",0.16
"2012-11-15",0.16
"2012-11-16",0.16
"2012-11-17",0.16
"2012-11-18",0.16
"2012-11-19",0.16
"2012-11-20",0.16
"2012-11-21",0.16
"2012-11-22",0.16
"2012-11-23",0.16
"2012-11-24",0.16
"2012-11-25",0.16
"2012-11-26",0.16
"2012-11-27",0.16
"2012-11-28",0.16
"2012-11-29",0.16
"2012-11-30",0.16
"2012-12-01",0.16
"2012-12-02",0.16
"2012-12-03",0.16
"2012-12-04",0.17
"2012-12-05",0.16
"2012-12-06",0.16
"2012-12-07",0.16
"2012-12-08",0.16
"2012-12-09",0.16
"2012-12-10",0.16
"2012-12-11",0.17
"2012-12-12",0.17
"2012-12-13",0.16
"2012-12-14",0.17
"2012-12-15",0.17
"2012-12-16",0.17
"2012-12-17",0.16
"2012-12-18",0.17
"2012-12-19",0.17
"2012-12-20",0.17
"2012-12-21",0.17
"2012-12-22",0.17
"2012-12-23",0.17
"2012-12-24",0.18
"2012-12-25",0.18
"2012-12-26",0.17
"2012-12-27",0.17
"2012-12-28",0.17
"2012-12-29",0.17
"2012-12-30",0.17
"2012-12-31",0.09
"2013-01-01",0.09
"2013-01-02",0.17
"2013-01-03",0.17
"2013-01-04",0.16
"2013-01-05",0.16
"2013-01-06",0.16
"2013-01-07",0.16
"2013-01-08",0.15
"2013-01-09",0.14
"2013-01-10",0.14
"2013-01-11",0.14
"2013-01-12",0.14
"2013-01-13",0.14
"2013-01-14",0.14
"2013-01-15",0.15
"2013-01-16",0.14
"2013-01-17",0.14
"2013-01-18",0.14
"2013-01-19",0.14
"2013-01-20",0.14
"2013-01-21",0.14
"2013-01-22",0.14
"2013-01-23",0.13
"2013-01-24",0.15
"2013-01-25",0.14
"2013-01-26",0.14
"2013-01-27",0.14
"2013-01-28",0.14
"2013-01-29",0.12
"2013-01-30",0.12
"2013-01-31",0.15
"2013-02-01",0.14
"2013-02-02",0.14
"2013-02-03",0.14
"2013-02-04",0.13
"2013-02-05",0.13
"2013-02-06",0.13
"2013-02-07",0.13
"2013-02-08",0.14
"2013-02-09",0.14
"2013-02-10",0.14
"2013-02-11",0.14
"2013-02-12",0.13
"2013-02-13",0.14
"2013-02-14",0.14
"2013-02-15",0.16
"2013-02-16",0.16
"2013-02-17",0.16
"2013-02-18",0.16
"2013-02-19",0.15
"2013-02-20",0.15
"2013-02-21",0.16
"2013-02-22",0.16
"2013-02-23",0.16
"2013-02-24",0.16
"2013-02-25",0.15
"2013-02-26",0.14
"2013-02-27",0.14
"2013-02-28",0.14
"2013-03-01",0.14
"2013-03-02",0.14
"2013-03-03",0.14
"2013-03-04",0.16
"2013-03-05",0.15
"2013-03-06",0.15
"2013-03-07",0.16
"2013-03-08",0.15
"2013-03-09",0.15
"2013-03-10",0.15
"2013-03-11",0.16
"2013-03-12",0.15
"2013-03-13",0.14
"2013-03-14",0.15
"2013-03-15",0.16
"2013-03-16",0.16
"2013-03-17",0.16
"2013-03-18",0.16
"2013-03-19",0.15
"2013-03-20",0.15
"2013-03-21",0.16
"2013-03-22",0.15
"2013-03-23",0.15
"2013-03-24",0.15
"2013-03-25",0.15
"2013-03-26",0.14
"2013-03-27",0.12
"2013-03-28",0.13
"2013-03-29",0.09
"2013-03-30",0.09
"2013-03-31",0.09
"2013-04-01",0.16
"2013-04-02",0.15
"2013-04-03",0.14
"2013-04-04",0.14
"2013-04-05",0.15
"2013-04-06",0.15
"2013-04-07",0.15
"2013-04-08",0.15
"2013-04-09",0.15
"2013-04-10",0.15
"2013-04-11",0.15
"2013-04-12",0.15
"2013-04-13",0.15
"2013-04-14",0.15
"2013-04-15",0.15
"2013-04-16",0.15
"2013-04-17",0.15
"2013-04-18",0.15
"2013-04-19",0.15
"2013-04-20",0.15
"2013-04-21",0.15
"2013-04-22",0.15
"2013-04-23",0.14
"2013-04-24",0.13
"2013-04-25",0.13
"2013-04-26",0.13
"2013-04-27",0.13
"2013-04-28",0.13
"2013-04-29",0.13
"2013-04-30",0.14
"2013-05-01",0.14
"2013-05-02",0.15
"2013-05-03",0.14
"2013-05-04",0.14
"2013-05-05",0.14
"2013-05-06",0.14
"2013-05-07",0.12
"2013-05-08",0.12
"2013-05-09",0.12
"2013-05-10",0.12
"2013-05-11",0.12
"2013-05-12",0.12
"2013-05-13",0.12
"2013-05-14",0.11
"2013-05-15",0.12
"2013-05-16",0.11
"2013-05-17",0.1
"2013-05-18",0.1
"2013-05-19",0.1
"2013-05-20",0.1
"2013-05-21",0.09
"2013-05-22",0.08
"2013-05-23",0.08
"2013-05-24",0.09
"2013-05-25",0.09
"2013-05-26",0.09
"2013-05-27",0.09
"2013-05-28",0.09
"2013-05-29",0.08
"2013-05-30",0.08
"2013-05-31",0.09
"2013-06-01",0.09
"2013-06-02",0.09
"2013-06-03",0.1
"2013-06-04",0.11
"2013-06-05",0.09
"2013-06-06",0.1
"2013-06-07",0.09
"2013-06-08",0.09
"2013-06-09",0.09
"2013-06-10",0.09
"2013-06-11",0.09
"2013-06-12",0.08
"2013-06-13",0.09
"2013-06-14",0.1
"2013-06-15",0.1
"2013-06-16",0.1
"2013-06-17",0.11
"2013-06-18",0.12
"2013-06-19",0.1
"2013-06-20",0.1
"2013-06-21",0.1
"2013-06-22",0.1
"2013-06-23",0.1
"2013-06-24",0.1
"2013-06-25",0.09
"2013-06-26",0.09
"2013-06-27",0.09
"2013-06-28",0.07
"2013-06-29",0.07
"2013-06-30",0.07
"2013-07-01",0.1
"2013-07-02",0.1
"2013-07-03",0.1
"2013-07-04",0.1
"2013-07-05",0.1
"2013-07-06",0.1
"2013-07-07",0.1
"2013-07-08",0.1
"2013-07-09",0.1
"2013-07-10",0.09
"2013-07-11",0.09
"2013-07-12",0.09
"2013-07-13",0.09
"2013-07-14",0.09
"2013-07-15",0.09
"2013-07-16",0.09
"2013-07-17",0.09
"2013-07-18",0.09
"2013-07-19",0.09
"2013-07-20",0.09
"2013-07-21",0.09
"2013-07-22",0.09
"2013-07-23",0.09
"2013-07-24",0.09
"2013-07-25",0.09
"2013-07-26",0.09
"2013-07-27",0.09
"2013-07-28",0.09
"2013-07-29",0.08
"2013-07-30",0.09
"2013-07-31",0.09
"2013-08-01",0.08
"2013-08-02",0.09
"2013-08-03",0.09
"2013-08-04",0.09
"2013-08-05",0.08
"2013-08-06",0.09
"2013-08-07",0.09
"2013-08-08",0.09
"2013-08-09",0.08
"2013-08-10",0.08
"2013-08-11",0.08
"2013-08-12",0.08
"2013-08-13",0.08
"2013-08-14",0.09
"2013-08-15",0.08
"2013-08-16",0.09
"2013-08-17",0.09
"2013-08-18",0.09
"2013-08-19",0.09
"2013-08-20",0.09
"2013-08-21",0.08
"2013-08-22",0.09
"2013-08-23",0.08
"2013-08-24",0.08
"2013-08-25",0.08
"2013-08-26",0.08
"2013-08-27",0.07
"2013-08-28",0.07
"2013-08-29",0.08
"2013-08-30",0.07
"2013-08-31",0.07
"2013-09-01",0.07
"2013-09-02",0.07
"2013-09-03",0.09
"2013-09-04",0.08
"2013-09-05",0.08
"2013-09-06",0.08
"2013-09-07",0.08
"2013-09-08",0.08
"2013-09-09",0.08
"2013-09-10",0.08
"2013-09-11",0.08
"2013-09-12",0.08
"2013-09-13",0.08
"2013-09-14",0.08
"2013-09-15",0.08
"2013-09-16",0.08
"2013-09-17",0.08
"2013-09-18",0.08
"2013-09-19",0.09
"2013-09-20",0.08
"2013-09-21",0.08
"2013-09-22",0.08
"2013-09-23",0.09
"2013-09-24",0.09
"2013-09-25",0.08
"2013-09-26",0.08
"2013-09-27",0.08
"2013-09-28",0.08
"2013-09-29",0.08
"2013-09-30",0.06
"2013-10-01",0.08
"2013-10-02",0.07
"2013-10-03",0.08
"2013-10-04",0.08
"2013-10-05",0.08
"2013-10-06",0.08
"2013-10-07",0.08
"2013-10-08",0.08
"2013-10-09",0.09
"2013-10-10",0.09
"2013-10-11",0.1
"2013-10-12",0.1
"2013-10-13",0.1
"2013-10-14",0.1
"2013-10-15",0.1
"2013-10-16",0.11
"2013-10-17",0.1
"2013-10-18",0.1
"2013-10-19",0.1
"2013-10-20",0.1
"2013-10-21",0.09
"2013-10-22",0.08
"2013-10-23",0.08
"2013-10-24",0.08
"2013-10-25",0.08
"2013-10-26",0.08
"2013-10-27",0.08
"2013-10-28",0.08
"2013-10-29",0.08
"2013-10-30",0.08
"2013-10-31",0.07
"2013-11-01",0.08
"2013-11-02",0.08
"2013-11-03",0.08
"2013-11-04",0.08
"2013-11-05",0.08
"2013-11-06",0.08
"2013-11-07",0.08
"2013-11-08",0.08
"2013-11-09",0.08
"2013-11-10",0.08
"2013-11-11",0.08
"2013-11-12",0.08
"2013-11-13",0.08
"2013-11-14",0.09
"2013-11-15",0.09
"2013-11-16",0.09
"2013-11-17",0.09
"2013-11-18",0.09
"2013-11-19",0.09
"2013-11-20",0.09
"2013-11-21",0.09
"2013-11-22",0.09
"2013-11-23",0.09
"2013-11-24",0.09
"2013-11-25",0.09
"2013-11-26",0.09
"2013-11-27",0.09
"2013-11-28",0.09
"2013-11-29",0.07
"2013-11-30",0.07
"2013-12-01",0.07
"2013-12-02",0.09
"2013-12-03",0.09
"2013-12-04",0.09
"2013-12-05",0.09
"2013-12-06",0.09
"2013-12-07",0.09
"2013-12-08",0.09
"2013-12-09",0.09
"2013-12-10",0.09
"2013-12-11",0.08
"2013-12-12",0.09
"2013-12-13",0.08
"2013-12-14",0.08
"2013-12-15",0.08
"2013-12-16",0.09
"2013-12-17",0.09
"2013-12-18",0.09
"2013-12-19",0.09
"2013-12-20",0.09
"2013-12-21",0.09
"2013-12-22",0.09
"2013-12-23",0.09
"2013-12-24",0.08
"2013-12-25",0.08
"2013-12-26",0.08
"2013-12-27",0.08
"2013-12-28",0.08
"2013-12-29",0.08
"2013-12-30",0.08
"2013-12-31",0.07
"2014-01-01",0.07
"2014-01-02",0.08
"2014-01-03",0.08
"2014-01-04",0.08
"2014-01-05",0.08
"2014-01-06",0.08
"2014-01-07",0.07
"2014-01-08",0.07
"2014-01-09",0.07
"2014-01-10",0.07
"2014-01-11",0.07
"2014-01-12",0.07
"2014-01-13",0.07
"2014-01-14",0.07
"2014-01-15",0.07
"2014-01-16",0.07
"2014-01-17",0.07
"2014-01-18",0.07
"2014-01-19",0.07
"2014-01-20",0.07
"2014-01-21",0.07
"2014-01-22",0.07
"2014-01-23",0.07
"2014-01-24",0.07
"2014-01-25",0.07
"2014-01-26",0.07
"2014-01-27",0.07
"2014-01-28",0.07
"2014-01-29",0.07
"2014-01-30",0.07
"2014-01-31",0.07
"2014-02-01",0.07
"2014-02-02",0.07
"2014-02-03",0.07
"2014-02-04",0.07
"2014-02-05",0.07
"2014-02-06",0.07
"2014-02-07",0.06
"2014-02-08",0.06
"2014-02-09",0.06
"2014-02-10",0.07
"2014-02-11",0.06
"2014-02-12",0.07
"2014-02-13",0.06
"2014-02-14",0.06
"2014-02-15",0.06
"2014-02-16",0.06
"2014-02-17",0.06
"2014-02-18",0.07
"2014-02-19",0.07
"2014-02-20",0.07
"2014-02-21",0.07
"2014-02-22",0.07
"2014-02-23",0.07
"2014-02-24",0.07
"2014-02-25",0.07
"2014-02-26",0.07
"2014-02-27",0.07
"2014-02-28",0.06
"2014-03-01",0.06
"2014-03-02",0.06
"2014-03-03",0.07
"2014-03-04",0.07
"2014-03-05",0.08
"2014-03-06",0.08
"2014-03-07",0.08
"2014-03-08",0.08
"2014-03-09",0.08
"2014-03-10",0.08
"2014-03-11",0.08
"2014-03-12",0.08
"2014-03-13",0.08
"2014-03-14",0.08
"2014-03-15",0.08
"2014-03-16",0.08
"2014-03-17",0.08
"2014-03-18",0.08
"2014-03-19",0.08
"2014-03-20",0.08
"2014-03-21",0.08
"2014-03-22",0.08
"2014-03-23",0.08
"2014-03-24",0.09
"2014-03-25",0.09
"2014-03-26",0.08
"2014-03-27",0.08
"2014-03-28",0.08
"2014-03-29",0.08
"2014-03-30",0.08
"2014-03-31",0.06
"2014-04-01",0.08
"2014-04-02",0.09
"2014-04-03",0.08
"2014-04-04",0.08
"2014-04-05",0.08
"2014-04-06",0.08
"2014-04-07",0.09
"2014-04-08",0.08
"2014-04-09",0.08
"2014-04-10",0.08
"2014-04-11",0.09
"2014-04-12",0.09
"2014-04-13",0.09
"2014-04-14",0.09
"2014-04-15",0.1
"2014-04-16",0.09
"2014-04-17",0.09
"2014-04-18",0.1
"2014-04-19",0.1
"2014-04-20",0.1
"2014-04-21",0.1
"2014-04-22",0.1
"2014-04-23",0.1
"2014-04-24",0.1
"2014-04-25",0.09
"2014-04-26",0.09
"2014-04-27",0.09
"2014-04-28",0.09
"2014-04-29",0.1
"2014-04-30",0.09
"2014-05-01",0.09
"2014-05-02",0.09
"2014-05-03",0.09
"2014-05-04",0.09
"2014-05-05",0.09
"2014-05-06",0.09
"2014-05-07",0.08
"2014-05-08",0.08
"2014-05-09",0.08
"2014-05-10",0.08
"2014-05-11",0.08
"2014-05-12",0.08
"2014-05-13",0.09
"2014-05-14",0.08
"2014-05-15",0.09
"2014-05-16",0.09
"2014-05-17",0.09
"2014-05-18",0.09
"2014-05-19",0.09
"2014-05-20",0.09
"2014-05-21",0.09
"2014-05-22",0.09
"2014-05-23",0.09
"2014-05-24",0.09
"2014-05-25",0.09
"2014-05-26",0.09
"2014-05-27",0.09
"2014-05-28",0.09
"2014-05-29",0.09
"2014-05-30",0.08
"2014-05-31",0.08
"2014-06-01",0.08
"2014-06-02",0.09
"2014-06-03",0.1
"2014-06-04",0.09
"2014-06-05",0.09
"2014-06-06",0.09
"2014-06-07",0.09
"2014-06-08",0.09
"2014-06-09",0.09
"2014-06-10",0.09
"2014-06-11",0.09
"2014-06-12",0.09
"2014-06-13",0.1
"2014-06-14",0.1
"2014-06-15",0.1
"2014-06-16",0.1
"2014-06-17",0.1
"2014-06-18",0.1
"2014-06-19",0.1
"2014-06-20",0.1
"2014-06-21",0.1
"2014-06-22",0.1
"2014-06-23",0.1
"2014-06-24",0.1
"2014-06-25",0.1
"2014-06-26",0.1
"2014-06-27",0.1
"2014-06-28",0.1
"2014-06-29",0.1
"2014-06-30",0.09
"2014-07-01",0.1
"2014-07-02",0.1
"2014-07-03",0.09
"2014-07-04",0.09
"2014-07-05",0.09
"2014-07-06",0.09
"2014-07-07",0.1
"2014-07-08",0.09
"2014-07-09",0.09
"2014-07-10",0.09
"2014-07-11",0.09
"2014-07-12",0.09
"2014-07-13",0.09
"2014-07-14",0.09
"2014-07-15",0.09
"2014-07-16",0.09
"2014-07-17",0.09
"2014-07-18",0.09
"2014-07-19",0.09
"2014-07-20",0.09
"2014-07-21",0.1
"2014-07-22",0.09
"2014-07-23",0.09
"2014-07-24",0.09
"2014-07-25",0.09
"2014-07-26",0.09
"2014-07-27",0.09
"2014-07-28",0.09
"2014-07-29",0.09
"2014-07-30",0.09
"2014-07-31",0.08
"2014-08-01",0.09
"2014-08-02",0.09
"2014-08-03",0.09
"2014-08-04",0.09
"2014-08-05",0.09
"2014-08-06",0.09
"2014-08-07",0.09
"2014-08-08",0.09
"2014-08-09",0.09
"2014-08-10",0.09
"2014-08-11",0.09
"2014-08-12",0.09
"2014-08-13",0.09
"2014-08-14",0.09
"2014-08-15",0.09
"2014-08-16",0.09
"2014-08-17",0.09
"2014-08-18",0.09
"2014-08-19",0.09
"2014-08-20",0.09
"2014-08-21",0.09
"2014-08-22",0.09
"2014-08-23",0.09
"2014-08-24",0.09
"2014-08-25",0.09
"2014-08-26",0.09
"2014-08-27",0.09
"2014-08-28",0.09
"2014-08-29",0.07
"2014-08-30",0.07
"2014-08-31",0.07
"2014-09-01",0.07
"2014-09-02",0.09
"2014-09-03",0.09
"2014-09-04",0.09
"2014-09-05",0.09
"2014-09-06",0.09
"2014-09-07",0.09
"2014-09-08",0.09
"2014-09-09",0.09
"2014-09-10",0.09
"2014-09-11",0.09
"2014-09-12",0.09
"2014-09-13",0.09
"2014-09-14",0.09
"2014-09-15",0.09
"2014-09-16",0.09
"2014-09-17",0.09
"2014-09-18",0.09
"2014-09-19",0.09
"2014-09-20",0.09
"2014-09-21",0.09
"2014-09-22",0.09
"2014-09-23",0.09
"2014-09-24",0.09
"2014-09-25",0.09
"2014-09-26",0.09
"2014-09-27",0.09
"2014-09-28",0.09
"2014-09-29",0.08
"2014-09-30",0.07
"2014-10-01",0.09
"2014-10-02",0.09
"2014-10-03",0.09
"2014-10-04",0.09
"2014-10-05",0.09
"2014-10-06",0.09
"2014-10-07",0.09
"2014-10-08",0.09
"2014-10-09",0.08
"2014-10-10",0.09
"2014-10-11",0.09
"2014-10-12",0.09
"2014-10-13",0.09
"2014-10-14",0.09
"2014-10-15",0.09
"2014-10-16",0.09
"2014-10-17",0.09
"2014-10-18",0.09
"2014-10-19",0.09
"2014-10-20",0.09
"2014-10-21",0.09
"2014-10-22",0.09
"2014-10-23",0.09
"2014-10-24",0.09
"2014-10-25",0.09
"2014-10-26",0.09
"2014-10-27",0.09
"2014-10-28",0.09
"2014-10-29",0.09
"2014-10-30",0.09
"2014-10-31",0.07
"2014-11-01",0.07
"2014-11-02",0.07
"2014-11-03",0.09
"2014-11-04",0.1
"2014-11-05",0.09
"2014-11-06",0.09
"2014-11-07",0.09
"2014-11-08",0.09
"2014-11-09",0.09
"2014-11-10",0.09
"2014-11-11",0.09
"2014-11-12",0.09
"2014-11-13",0.09
"2014-11-14",0.09
"2014-11-15",0.09
"2014-11-16",0.09
"2014-11-17",0.1
"2014-11-18",0.11
"2014-11-19",0.1
"2014-11-20",0.1
"2014-11-21",0.1
"2014-11-22",0.1
"2014-11-23",0.1
"2014-11-24",0.1
"2014-11-25",0.1
"2014-11-26",0.1
"2014-11-27",0.1
"2014-11-28",0.08
"2014-11-29",0.08
"2014-11-30",0.08
"2014-12-01",0.13
"2014-12-02",0.12
"2014-12-03",0.12
"2014-12-04",0.12
"2014-12-05",0.12
"2014-12-06",0.12
"2014-12-07",0.12
"2014-12-08",0.12
"2014-12-09",0.12
"2014-12-10",0.12
"2014-12-11",0.12
"2014-12-12",0.12
"2014-12-13",0.12
"2014-12-14",0.12
"2014-12-15",0.11
"2014-12-16",0.12
"2014-12-17",0.13
"2014-12-18",0.13
"2014-12-19",0.13
"2014-12-20",0.13
"2014-12-21",0.13
"2014-12-22",0.13
"2014-12-23",0.13
"2014-12-24",0.13
"2014-12-25",0.13
"2014-12-26",0.13
"2014-12-27",0.13
"2014-12-28",0.13
"2014-12-29",0.13
"2014-12-30",0.13
"2014-12-31",0.06
"2015-01-01",0.06
"2015-01-02",0.12
"2015-01-03",0.12
"2015-01-04",0.12
"2015-01-05",0.12
"2015-01-06",0.12
"2015-01-07",0.12
"2015-01-08",0.12
"2015-01-09",0.12
"2015-01-10",0.12
"2015-01-11",0.12
"2015-01-12",0.12
"2015-01-13",0.12
"2015-01-14",0.12
"2015-01-15",0.12
"2015-01-16",0.13
"2015-01-17",0.13
"2015-01-18",0.13
"2015-01-19",0.13
"2015-01-20",0.12
"2015-01-21",0.12
"2015-01-22",0.12
"2015-01-23",0.12
"2015-01-24",0.12
"2015-01-25",0.12
"2015-01-26",0.12
"2015-01-27",0.11
"2015-01-28",0.12
"2015-01-29",0.11
"2015-01-30",0.06
"2015-01-31",0.06
"2015-02-01",0.06
"2015-02-02",0.12
"2015-02-03",0.12
"2015-02-04",0.11
"2015-02-05",0.12
"2015-02-06",0.11
"2015-02-07",0.11
"2015-02-08",0.11
"2015-02-09",0.12
"2015-02-10",0.12
"2015-02-11",0.12
"2015-02-12",0.12
"2015-02-13",0.12
"2015-02-14",0.12
"2015-02-15",0.12
"2015-02-16",0.12
"2015-02-17",0.12
"2015-02-18",0.12
"2015-02-19",0.12
"2015-02-20",0.12
"2015-02-21",0.12
"2015-02-22",0.12
"2015-02-23",0.11
"2015-02-24",0.11
"2015-02-25",0.11
"2015-02-26",0.11
"2015-02-27",0.06
"2015-02-28",0.06
"2015-03-01",0.06
"2015-03-02",0.12
"2015-03-03",0.12
"2015-03-04",0.11
"2015-03-05",0.11
"2015-03-06",0.12
"2015-03-07",0.12
"2015-03-08",0.12
"2015-03-09",0.12
"2015-03-10",0.12
"2015-03-11",0.11
"2015-03-12",0.11
"2015-03-13",0.11
"2015-03-14",0.11
"2015-03-15",0.11
"2015-03-16",0.12
"2015-03-17",0.12
"2015-03-18",0.11
"2015-03-19",0.12
"2015-03-20",0.12
"2015-03-21",0.12
"2015-03-22",0.12
"2015-03-23",0.12
"2015-03-24",0.11
"2015-03-25",0.12
"2015-03-26",0.11
"2015-03-27",0.12
"2015-03-28",0.12
"2015-03-29",0.12
"2015-03-30",0.12
"2015-03-31",0.06
"2015-04-01",0.12
"2015-04-02",0.12
"2015-04-03",0.12
"2015-04-04",0.12
"2015-04-05",0.12
"2015-04-06",0.13
"2015-04-07",0.12
"2015-04-08",0.12
"2015-04-09",0.12
"2015-04-10",0.12
"2015-04-11",0.12
"2015-04-12",0.12
"2015-04-13",0.13
"2015-04-14",0.13
"2015-04-15",0.13
"2015-04-16",0.13
"2015-04-17",0.13
"2015-04-18",0.13
"2015-04-19",0.13
"2015-04-20",0.13
"2015-04-21",0.13
"2015-04-22",0.13
"2015-04-23",0.13
"2015-04-24",0.13
"2015-04-25",0.13
"2015-04-26",0.13
"2015-04-27",0.13
"2015-04-28",0.13
"2015-04-29",0.13
"2015-04-30",0.08
"2015-05-01",0.13
"2015-05-02",0.13
"2015-05-03",0.13
"2015-05-04",0.13
"2015-05-05",0.13
"2015-05-06",0.13
"2015-05-07",0.13
"2015-05-08",0.13
"2015-05-09",0.13
"2015-05-10",0.13
"2015-05-11",0.13
"2015-05-12",0.13
"2015-05-13",0.13
"2015-05-14",0.13
"2015-05-15",0.13
"2015-05-16",0.13
"2015-05-17",0.13
"2015-05-18",0.13
"2015-05-19",0.12
"2015-05-20",0.12
"2015-05-21",0.12
"2015-05-22",0.13
"2015-05-23",0.13
"2015-05-24",0.13
"2015-05-25",0.13
"2015-05-26",0.12
"2015-05-27",0.12
"2015-05-28",0.12
"2015-05-29",0.08
"2015-05-30",0.08
"2015-05-31",0.08
"2015-06-01",0.12
"2015-06-02",0.12
"2015-06-03",0.13
"2015-06-04",0.13
"2015-06-05",0.13
"2015-06-06",0.13
"2015-06-07",0.13
"2015-06-08",0.13
"2015-06-09",0.13
"2015-06-10",0.13
"2015-06-11",0.13
"2015-06-12",0.13
"2015-06-13",0.13
"2015-06-14",0.13
"2015-06-15",0.13
"2015-06-16",0.14
"2015-06-17",0.14
"2015-06-18",0.14
"2015-06-19",0.13
"2015-06-20",0.13
"2015-06-21",0.13
"2015-06-22",0.13
"2015-06-23",0.13
"2015-06-24",0.13
"2015-06-25",0.13
"2015-06-26",0.13
"2015-06-27",0.13
"2015-06-28",0.13
"2015-06-29",0.14
"2015-06-30",0.08
"2015-07-01",0.13
"2015-07-02",0.13
"2015-07-03",0.13
"2015-07-04",0.13
"2015-07-05",0.13
"2015-07-06",0.13
"2015-07-07",0.13
"2015-07-08",0.13
"2015-07-09",0.13
"2015-07-10",0.13
"2015-07-11",0.13
"2015-07-12",0.13
"2015-07-13",0.13
"2015-07-14",0.13
"2015-07-15",0.13
"2015-07-16",0.14
"2015-07-17",0.13
"2015-07-18",0.13
"2015-07-19",0.13
"2015-07-20",0.14
"2015-07-21",0.13
"2015-07-22",0.13
"2015-07-23",0.13
"2015-07-24",0.13
"2015-07-25",0.13
"2015-07-26",0.13
"2015-07-27",0.14
"2015-07-28",0.14
"2015-07-29",0.14
"2015-07-30",0.14
"2015-07-31",0.08
"2015-08-01",0.08
"2015-08-02",0.08
"2015-08-03",0.14
"2015-08-04",0.14
"2015-08-05",0.14
"2015-08-06",0.14
"2015-08-07",0.14
"2015-08-08",0.14
"2015-08-09",0.14
"2015-08-10",0.14
"2015-08-11",0.15
"2015-08-12",0.15
"2015-08-13",0.15
"2015-08-14",0.14
"2015-08-15",0.14
"2015-08-16",0.14
"2015-08-17",0.15
"2015-08-18",0.15
"2015-08-19",0.15
"2015-08-20",0.15
"2015-08-21",0.15
"2015-08-22",0.15
"2015-08-23",0.15
"2015-08-24",0.15
"2015-08-25",0.15
"2015-08-26",0.14
"2015-08-27",0.14
"2015-08-28",0.14
"2015-08-29",0.14
"2015-08-30",0.14
"2015-08-31",0.08
"2015-09-01",0.14
"2015-09-02",0.14
"2015-09-03",0.14
"2015-09-04",0.14
"2015-09-05",0.14
"2015-09-06",0.14
"2015-09-07",0.14
"2015-09-08",0.14
"2015-09-09",0.14
"2015-09-10",0.14
"2015-09-11",0.14
"2015-09-12",0.14
"2015-09-13",0.14
"2015-09-14",0.14
"2015-09-15",0.14
"2015-09-16",0.14
"2015-09-17",0.14
"2015-09-18",0.14
"2015-09-19",0.14
"2015-09-20",0.14
"2015-09-21",0.14
"2015-09-22",0.14
"2015-09-23",0.14
"2015-09-24",0.14
"2015-09-25",0.13
"2015-09-26",0.13
"2015-09-27",0.13
"2015-09-28",0.13
"2015-09-29",0.13
"2015-09-30",0.07
"2015-10-01",0.13
"2015-10-02",0.13
"2015-10-03",0.13
"2015-10-04",0.13
"2015-10-05",0.13
"2015-10-06",0.13
"2015-10-07",0.13
"2015-10-08",0.13
"2015-10-09",0.13
"2015-10-10",0.13
"2015-10-11",0.13
"2015-10-12",0.13
"2015-10-13",0.13
"2015-10-14",0.13
"2015-10-15",0.13
"2015-10-16",0.13
"2015-10-17",0.13
"2015-10-18",0.13
"2015-10-19",0.13
"2015-10-20",0.13
"2015-10-21",0.13
"2015-10-22",0.12
"2015-10-23",0.12
"2015-10-24",0.12
"2015-10-25",0.12
"2015-10-26",0.12
"2015-10-27",0.12
"2015-10-28",0.12
"2015-10-29",0.12
"2015-10-30",0.07
"2015-10-31",0.07
"2015-11-01",0.07
"2015-11-02",0.12
"2015-11-03",0.12
"2015-11-04",0.12
"2015-11-05",0.12
"2015-11-06",0.12
"2015-11-07",0.12
"2015-11-08",0.12
"2015-11-09",0.12
"2015-11-10",0.12
"2015-11-11",0.12
"2015-11-12",0.12
"2015-11-13",0.12
"2015-11-14",0.12
"2015-11-15",0.12
"2015-11-16",0.13
"2015-11-17",0.13
"2015-11-18",0.12
"2015-11-19",0.12
"2015-11-20",0.12
"2015-11-21",0.12
"2015-11-22",0.12
"2015-11-23",0.12
"2015-11-24",0.12
"2015-11-25",0.12
"2015-11-26",0.12
"2015-11-27",0.12
"2015-11-28",0.12
"2015-11-29",0.12
"2015-11-30",0.08
"2015-12-01",0.13
"2015-12-02",0.13
"2015-12-03",0.13
"2015-12-04",0.13
"2015-12-05",0.13
"2015-12-06",0.13
"2015-12-07",0.13
"2015-12-08",0.13
"2015-12-09",0.14
"2015-12-10",0.14
"2015-12-11",0.14
"2015-12-12",0.14
"2015-12-13",0.14
"2015-12-14",0.15
"2015-12-15",0.15
"2015-12-16",0.15
"2015-12-17",0.37
"2015-12-18",0.37
"2015-12-19",0.37
"2015-12-20",0.37
"2015-12-21",0.36
"2015-12-22",0.36
"2015-12-23",0.36
"2015-12-24",0.36
"2015-12-25",0.36
"2015-12-26",0.36
"2015-12-27",0.36
"2015-12-28",0.36
"2015-12-29",0.36
"2015-12-30",0.35
"2015-12-31",0.2
"2016-01-01",0.2
"2016-01-02",0.2
"2016-01-03",0.2
"2016-01-04",0.36
"2016-01-05",0.36
"2016-01-06",0.36
"2016-01-07",0.36
"2016-01-08",0.36
"2016-01-09",0.36
"2016-01-10",0.36
"2016-01-11",0.36
"2016-01-12",0.36
"2016-01-13",0.36
"2016-01-14",0.36
"2016-01-15",0.36
"2016-01-16",0.36
"2016-01-17",0.36
"2016-01-18",0.36
"2016-01-19",0.36
"2016-01-20",0.37
"2016-01-21",0.37
"2016-01-22",0.38
"2016-01-23",0.38
"2016-01-24",0.38
"2016-01-25",0.38
"2016-01-26",0.38
"2016-01-27",0.38
"2016-01-28",0.38
"2016-01-29",0.29
"2016-01-30",0.29
"2016-01-31",0.29
"2016-02-01",0.38
"2016-02-02",0.38
"2016-02-03",0.38
"2016-02-04",0.38
"2016-02-05",0.38
"2016-02-06",0.38
"2016-02-07",0.38
"2016-02-08",0.38
"2016-02-09",0.38
"2016-02-10",0.38
"2016-02-11",0.38
"2016-02-12",0.38
"2016-02-13",0.38
"2016-02-14",0.38
"2016-02-15",0.38
"2016-02-16",0.38
"2016-02-17",0.37
"2016-02-18",0.38
"2016-02-19",0.38
"2016-02-20",0.38
"2016-02-21",0.38
"2016-02-22",0.38
"2016-02-23",0.38
"2016-02-24",0.38
"2016-02-25",0.37
"2016-02-26",0.37
"2016-02-27",0.37
"2016-02-28",0.37
"2016-02-29",0.29
"2016-03-01",0.36
"2016-03-02",0.37
"2016-03-03",0.37
"2016-03-04",0.36
"2016-03-05",0.36
"2016-03-06",0.36
"2016-03-07",0.36
"2016-03-08",0.36
"2016-03-09",0.36
"2016-03-10",0.36
"2016-03-11",0.36
"2016-03-12",0.36
"2016-03-13",0.36
"2016-03-14",0.36
"2016-03-15",0.37
"2016-03-16",0.37
"2016-03-17",0.37
"2016-03-18",0.37
"2016-03-19",0.37
"2016-03-20",0.37
"2016-03-21",0.37
"2016-03-22",0.37
"2016-03-23",0.37
"2016-03-24",0.37
"2016-03-25",0.37
"2016-03-26",0.37
"2016-03-27",0.37
"2016-03-28",0.37
"2016-03-29",0.37
"2016-03-30",0.37
"2016-03-31",0.25
"2016-04-01",0.37
"2016-04-02",0.37
"2016-04-03",0.37
"2016-04-04",0.37
"2016-04-05",0.37
"2016-04-06",0.37
"2016-04-07",0.37
"2016-04-08",0.37
"2016-04-09",0.37
"2016-04-10",0.37
"2016-04-11",0.37
"2016-04-12",0.37
"2016-04-13",0.37
"2016-04-14",0.37
"2016-04-15",0.37
"2016-04-16",0.37
"2016-04-17",0.37
"2016-04-18",0.37
"2016-04-19",0.37
"2016-04-20",0.37
"2016-04-21",0.37
"2016-04-22",0.37
"2016-04-23",0.37
"2016-04-24",0.37
"2016-04-25",0.37
"2016-04-26",0.37
"2016-04-27",0.37
"2016-04-28",0.37
"2016-04-29",0.3
"2016-04-30",0.3
"2016-05-01",0.3
"2016-05-02",0.37
"2016-05-03",0.37
"2016-05-04",0.37
"2016-05-05",0.37
"2016-05-06",0.37
"2016-05-07",0.37
"2016-05-08",0.37
"2016-05-09",0.37
"2016-05-10",0.37
"2016-05-11",0.37
"2016-05-12",0.37
"2016-05-13",0.37
"2016-05-14",0.37
"2016-05-15",0.37
"2016-05-16",0.37
"2016-05-17",0.37
"2016-05-18",0.37
"2016-05-19",0.37
"2016-05-20",0.37
"2016-05-21",0.37
"2016-05-22",0.37
"2016-05-23",0.37
"2016-05-24",0.37
"2016-05-25",0.37
"2016-05-26",0.37
"2016-05-27",0.37
"2016-05-28",0.37
"2016-05-29",0.37
"2016-05-30",0.37
"2016-05-31",0.29
"2016-06-01",0.37
"2016-06-02",0.37
"2016-06-03",0.37
"2016-06-04",0.37
"2016-06-05",0.37
"2016-06-06",0.37
"2016-06-07",0.37
"2016-06-08",0.37
"2016-06-09",0.37
"2016-06-10",0.37
"2016-06-11",0.37
"2016-06-12",0.37
"2016-06-13",0.37
"2016-06-14",0.37
"2016-06-15",0.37
"2016-06-16",0.38
"2016-06-17",0.38
"2016-06-18",0.38
"2016-06-19",0.38
"2016-06-20",0.38
"2016-06-21",0.38
"2016-06-22",0.38
"2016-06-23",0.39
"2016-06-24",0.4
"2016-06-25",0.4
"2016-06-26",0.4
"2016-06-27",0.41
"2016-06-28",0.41
"2016-06-29",0.41
"2016-06-30",0.3
"2016-07-01",0.41
"2016-07-02",0.41
"2016-07-03",0.41
"2016-07-04",0.41
"2016-07-05",0.4
"2016-07-06",0.4
"2016-07-07",0.4
"2016-07-08",0.4
"2016-07-09",0.4
"2016-07-10",0.4
"2016-07-11",0.4
"2016-07-12",0.4
"2016-07-13",0.4
"2016-07-14",0.4
"2016-07-15",0.4
"2016-07-16",0.4
"2016-07-17",0.4
"2016-07-18",0.4
"2016-07-19",0.4
"2016-07-20",0.4
"2016-07-21",0.4
"2016-07-22",0.4
"2016-07-23",0.4
"2016-07-24",0.4
"2016-07-25",0.4
"2016-07-26",0.4
"2016-07-27",0.4
"2016-07-28",0.4
"2016-07-29",0.3
"2016-07-30",0.3
"2016-07-31",0.3
"2016-08-01",0.4
"2016-08-02",0.4
"2016-08-03",0.4
"2016-08-04",0.4
"2016-08-05",0.4
"2016-08-06",0.4
"2016-08-07",0.4
"2016-08-08",0.4
"2016-08-09",0.4
"2016-08-10",0.4
"2016-08-11",0.4
"2016-08-12",0.4
"2016-08-13",0.4
"2016-08-14",0.4
"2016-08-15",0.4
"2016-08-16",0.4
"2016-08-17",0.4
"2016-08-18",0.4
"2016-08-19",0.4
"2016-08-20",0.4
"2016-08-21",0.4
"2016-08-22",0.4
"2016-08-23",0.4
"2016-08-24",0.4
"2016-08-25",0.4
"2016-08-26",0.4
"2016-08-27",0.4
"2016-08-28",0.4
"2016-08-29",0.4
"2016-08-30",0.4
"2016-08-31",0.3
"2016-09-01",0.4
"2016-09-02",0.4
"2016-09-03",0.4
"2016-09-04",0.4
"2016-09-05",0.4
"2016-09-06",0.4
"2016-09-07",0.4
"2016-09-08",0.4
"2016-09-09",0.4
"2016-09-10",0.4
"2016-09-11",0.4
"2016-09-12",0.4
"2016-09-13",0.4
"2016-09-14",0.4
"2016-09-15",0.4
"2016-09-16",0.4
"2016-09-17",0.4
"2016-09-18",0.4
"2016-09-19",0.4
"2016-09-20",0.4
"2016-09-21",0.4
"2016-09-22",0.4
"2016-09-23",0.4
"2016-09-24",0.4
"2016-09-25",0.4
"2016-09-26",0.4
"2016-09-27",0.4
"2016-09-28",0.4
"2016-09-29",0.4
"2016-09-30",0.29
"2016-10-01",0.29
"2016-10-02",0.29
"2016-10-03",0.4
"2016-10-04",0.4
"2016-10-05",0.4
"2016-10-06",0.4
"2016-10-07",0.4
"2016-10-08",0.4
"2016-10-09",0.4
"2016-10-10",0.4
"2016-10-11",0.41
"2016-10-12",0.41
"2016-10-13",0.41
"2016-10-14",0.41
"2016-10-15",0.41
"2016-10-16",0.41
"2016-10-17",0.41
"2016-10-18",0.41
"2016-10-19",0.41
"2016-10-20",0.41
"2016-10-21",0.41
"2016-10-22",0.41
"2016-10-23",0.41
"2016-10-24",0.41
"2016-10-25",0.41
"2016-10-26",0.41
"2016-10-27",0.41
"2016-10-28",0.41
"2016-10-29",0.41
"2016-10-30",0.41
"2016-10-31",0.31
"2016-11-01",0.41
"2016-11-02",0.41
"2016-11-03",0.41
"2016-11-04",0.41
"2016-11-05",0.41
"2016-11-06",0.41
"2016-11-07",0.41
"2016-11-08",0.41
"2016-11-09",0.41
"2016-11-10",0.41
"2016-11-11",0.41
"2016-11-12",0.41
"2016-11-13",0.41
"2016-11-14",0.41
"2016-11-15",0.41
"2016-11-16",0.41
"2016-11-17",0.41
"2016-11-18",0.41
"2016-11-19",0.41
"2016-11-20",0.41
"2016-11-21",0.41
"2016-11-22",0.41
"2016-11-23",0.41
"2016-11-24",0.41
"2016-11-25",0.41
"2016-11-26",0.41
"2016-11-27",0.41
"2016-11-28",0.41
"2016-11-29",0.41
"2016-11-30",0.31
"2016-12-01",0.41
"2016-12-02",0.41
"2016-12-03",0.41
"2016-12-04",0.41
"2016-12-05",0.41
"2016-12-06",0.41
"2016-12-07",0.41
"2016-12-08",0.41
"2016-12-09",0.41
"2016-12-10",0.41
"2016-12-11",0.41
"2016-12-12",0.41
"2016-12-13",0.41
"2016-12-14",0.41
"2016-12-15",0.66
"2016-12-16",0.66
"2016-12-17",0.66
"2016-12-18",0.66
"2016-12-19",0.66
"2016-12-20",0.66
"2016-12-21",0.66
"2016-12-22",0.66
"2016-12-23",0.66
"2016-12-24",0.66
"2016-12-25",0.66
"2016-12-26",0.66
"2016-12-27",0.66
"2016-12-28",0.66
"2016-12-29",0.66
"2016-12-30",0.55
"2016-12-31",0.55
"2017-01-01",0.55
"2017-01-02",0.55
"2017-01-03",0.66
"2017-01-04",0.66
"2017-01-05",0.66
"2017-01-06",0.66
"2017-01-07",0.66
"2017-01-08",0.66
"2017-01-09",0.66
"2017-01-10",0.66
"2017-01-11",0.66
"2017-01-12",0.66
"2017-01-13",0.66
"2017-01-14",0.66
"2017-01-15",0.66
"2017-01-16",0.66
"2017-01-17",0.66
"2017-01-18",0.66
"2017-01-19",0.66
"2017-01-20",0.66
"2017-01-21",0.66
"2017-01-22",0.66
"2017-01-23",0.66
"2017-01-24",0.66
"2017-01-25",0.66
"2017-01-26",0.66
"2017-01-27",0.66
"2017-01-28",0.66
"2017-01-29",0.66
"2017-01-30",0.66
"2017-01-31",0.56
"2017-02-01",0.66
"2017-02-02",0.66
"2017-02-03",0.66
"2017-02-04",0.66
"2017-02-05",0.66
"2017-02-06",0.66
"2017-02-07",0.66
"2017-02-08",0.66
"2017-02-09",0.66
"2017-02-10",0.66
"2017-02-11",0.66
"2017-02-12",0.66
"2017-02-13",0.66
"2017-02-14",0.66
"2017-02-15",0.66
"2017-02-16",0.66
"2017-02-17",0.66
"2017-02-18",0.66
"2017-02-19",0.66
"2017-02-20",0.66
"2017-02-21",0.66
"2017-02-22",0.66
"2017-02-23",0.66
"2017-02-24",0.66
"2017-02-25",0.66
"2017-02-26",0.66
"2017-02-27",0.66
"2017-02-28",0.57
"2017-03-01",0.66
"2017-03-02",0.66
"2017-03-03",0.66
"2017-03-04",0.66
"2017-03-05",0.66
"2017-03-06",0.66
"2017-03-07",0.66
"2017-03-08",0.66
"2017-03-09",0.66
"2017-03-10",0.66
"2017-03-11",0.66
"2017-03-12",0.66
"2017-03-13",0.66
"2017-03-14",0.66
"2017-03-15",0.66
"2017-03-16",0.91
"2017-03-17",0.91
"2017-03-18",0.91
"2017-03-19",0.91
"2017-03-20",0.91
"2017-03-21",0.91
"2017-03-22",0.91
"2017-03-23",0.91
"2017-03-24",0.91
"2017-03-25",0.91
"2017-03-26",0.91
"2017-03-27",0.91
"2017-03-28",0.91
"2017-03-29",0.91
"2017-03-30",0.91
"2017-03-31",0.82
"2017-04-01",0.82
"2017-04-02",0.82
"2017-04-03",0.91
"2017-04-04",0.91
"2017-04-05",0.91
"2017-04-06",0.91
"2017-04-07",0.91
"2017-04-08",0.91
"2017-04-09",0.91
"2017-04-10",0.91
"2017-04-11",0.91
"2017-04-12",0.91
"2017-04-13",0.91
"2017-04-14",0.91
"2017-04-15",0.91
"2017-04-16",0.91
"2017-04-17",0.91
"2017-04-18",0.91
"2017-04-19",0.91
"2017-04-20",0.91
"2017-04-21",0.91
"2017-04-22",0.91
"2017-04-23",0.91
"2017-04-24",0.91
"2017-04-25",0.91
"2017-04-26",0.91
"2017-04-27",0.91
"2017-04-28",0.83
"2017-04-29",0.83
"2017-04-30",0.83
"2017-05-01",0.91
"2017-05-02",0.91
"2017-05-03",0.91
"2017-05-04",0.91
"2017-05-05",0.91
"2017-05-06",0.91
"2017-05-07",0.91
"2017-05-08",0.91
"2017-05-09",0.91
"2017-05-10",0.91
"2017-05-11",0.91
"2017-05-12",0.91
"2017-05-13",0.91
"2017-05-14",0.91
"2017-05-15",0.91
"2017-05-16",0.91
"2017-05-17",0.91
"2017-05-18",0.91
"2017-05-19",0.91
"2017-05-20",0.91
"2017-05-21",0.91
"2017-05-22",0.91
"2017-05-23",0.91
"2017-05-24",0.91
"2017-05-25",0.91
"2017-05-26",0.91
"2017-05-27",0.91
"2017-05-28",0.91
"2017-05-29",0.91
"2017-05-30",0.91
"2017-05-31",0.83
"2017-06-01",0.91
"2017-06-02",0.91
"2017-06-03",0.91
"2017-06-04",0.91
"2017-06-05",0.91
"2017-06-06",0.91
"2017-06-07",0.91
"2017-06-08",0.91
"2017-06-09",0.91
"2017-06-10",0.91
"2017-06-11",0.91
"2017-06-12",0.91
"2017-06-13",0.91
"2017-06-14",0.91
"2017-06-15",1.16
"2017-06-16",1.16
"2017-06-17",1.16
"2017-06-18",1.16
"2017-06-19",1.16
"2017-06-20",1.16
"2017-06-21",1.16
"2017-06-22",1.16
"2017-06-23",1.16
"2017-06-24",1.16
"2017-06-25",1.16
"2017-06-26",1.16
"2017-06-27",1.16
"2017-06-28",1.16
"2017-06-29",1.16
"2017-06-30",1.06
"2017-07-01",1.06
"2017-07-02",1.06
"2017-07-03",1.16
"2017-07-04",1.16
"2017-07-05",1.16
"2017-07-06",1.16
"2017-07-07",1.16
"2017-07-08",1.16
"2017-07-09",1.16
"2017-07-10",1.16
"2017-07-11",1.16
"2017-07-12",1.16
"2017-07-13",1.16
"2017-07-14",1.16
"2017-07-15",1.16
"2017-07-16",1.16
"2017-07-17",1.16
"2017-07-18",1.16
"2017-07-19",1.16
"2017-07-20",1.16
"2017-07-21",1.16
"2017-07-22",1.16
"2017-07-23",1.16
"2017-07-24",1.16
"2017-07-25",1.16
"2017-07-26",1.16
"2017-07-27",1.16
"2017-07-28",1.16
"2017-07-29",1.16
"2017-07-30",1.16
"2017-07-31",1.07
"2017-08-01",1.16
"2017-08-02",1.16
"2017-08-03",1.16
"2017-08-04",1.16
"2017-08-05",1.16
"2017-08-06",1.16
"2017-08-07",1.16
"2017-08-08",1.16
"2017-08-09",1.16
"2017-08-10",1.16
"2017-08-11",1.16
"2017-08-12",1.16
"2017-08-13",1.16
"2017-08-14",1.16
"2017-08-15",1.16
"2017-08-16",1.16
"2017-08-17",1.16
"2017-08-18",1.16
"2017-08-19",1.16
"2017-08-20",1.16
"2017-08-21",1.16
"2017-08-22",1.16
"2017-08-23",1.16
"2017-08-24",1.16
"2017-08-25",1.16
"2017-08-26",1.16
"2017-08-27",1.16
"2017-08-28",1.16
"2017-08-29",1.16
"2017-08-30",1.16
"2017-08-31",1.07
"2017-09-01",1.16
"2017-09-02",1.16
"2017-09-03",1.16
"2017-09-04",1.16
"2017-09-05",1.16
"2017-09-06",1.16
"2017-09-07",1.16
"2017-09-08",1.16
"2017-09-09",1.16
"2017-09-10",1.16
"2017-09-11",1.16
"2017-09-12",1.16
"2017-09-13",1.16
"2017-09-14",1.16
"2017-09-15",1.16
"2017-09-16",1.16
"2017-09-17",1.16
"2017-09-18",1.16
"2017-09-19",1.16
"2017-09-20",1.16
"2017-09-21",1.16
"2017-09-22",1.16
"2017-09-23",1.16
"2017-09-24",1.16
"2017-09-25",1.16
"2017-09-26",1.16
"2017-09-27",1.16
"2017-09-28",1.16
"2017-09-29",1.06
"2017-09-30",1.06
"2017-10-01",1.06
"2017-10-02",1.16
"2017-10-03",1.16
"2017-10-04",1.16
"2017-10-05",1.16
"2017-10-06",1.16
"2017-10-07",1.16
"2017-10-08",1.16
"2017-10-09",1.16
"2017-10-10",1.16
"2017-10-11",1.16
"2017-10-12",1.16
"2017-10-13",1.16
"2017-10-14",1.16
"2017-10-15",1.16
"2017-10-16",1.16
"2017-10-17",1.16
"2017-10-18",1.16
"2017-10-19",1.16
"2017-10-20",1.16
"2017-10-21",1.16
"2017-10-22",1.16
"2017-10-23",1.16
"2017-10-24",1.16
"2017-10-25",1.16
"2017-10-26",1.16
"2017-10-27",1.16
"2017-10-28",1.16
"2017-10-29",1.16
"2017-10-30",1.16
"2017-10-31",1.07
"2017-11-01",1.16
"2017-11-02",1.16
"2017-11-03",1.16
"2017-11-04",1.16
"2017-11-05",1.16
"2017-11-06",1.16
"2017-11-07",1.16
"2017-11-08",1.16
"2017-11-09",1.16
"2017-11-10",1.16
"2017-11-11",1.16
"2017-11-12",1.16
"2017-11-13",1.16
"2017-11-14",1.16
"2017-11-15",1.16
"2017-11-16",1.16
"2017-11-17",1.16
"2017-11-18",1.16
"2017-11-19",1.16
"2017-11-20",1.16
"2017-11-21",1.16
"2017-11-22",1.16
"2017-11-24",1.16
"2017-11-25",1.16
"2017-11-26",1.16
"2017-11-27",1.16
"2017-11-28",1.16
"2017-11-29",1.16
"2017-11-30",1.07
"2017-12-01",1.16
"2017-12-02",1.16
"2017-12-03",1.16
"2017-12-04",1.16
"2017-12-05",1.16
"2017-12-06",1.16
"2017-12-07",1.16
"2017-12-08",1.16
"2017-12-09",1.16
"2017-12-10",1.16
"2017-12-11",1.16
"2017-12-12",1.17
"2017-12-13",1.17
"2017-12-14",1.41
"2017-12-15",1.41
"2017-12-16",1.41
"2017-12-17",1.41
"2017-12-18",1.42
"2017-12-19",1.42
"2017-12-20",1.42
"2017-12-21",1.42
"2017-12-22",1.42
"2017-12-23",1.42
"2017-12-24",1.42
"2017-12-26",1.42
"2017-12-27",1.42
"2017-12-28",1.42
"2017-12-29",1.33
"2017-12-30",1.33
"2017-12-31",1.33
"2018-01-02",1.42
"2018-01-03",1.42
"2018-01-04",1.42
"2018-01-05",1.42
"2018-01-06",1.42
"2018-01-07",1.42
"2018-01-08",1.42
"2018-01-09",1.42
"2018-01-10",1.42
"2018-01-11",1.42
"2018-01-12",1.42
"2018-01-13",1.42
"2018-01-14",1.42
"2018-01-16",1.42
"2018-01-17",1.42
"2018-01-18",1.42
"2018-01-19",1.42
"2018-01-20",1.42
"2018-01-21",1.42
"2018-01-22",1.42
"2018-01-23",1.42
"2018-01-24",1.42
"2018-01-25",1.42
"2018-01-26",1.42
"2018-01-27",1.42
"2018-01-28",1.42
"2018-01-29",1.42
"2018-01-30",1.42
"2018-01-31",1.34
"2018-02-01",1.42
"2018-02-02",1.42
"2018-02-03",1.42
"2018-02-04",1.42
"2018-02-05",1.42
"2018-02-06",1.42
"2018-02-07",1.42
"2018-02-08",1.42
"2018-02-09",1.42
"2018-02-10",1.42
"2018-02-11",1.42
"2018-02-12",1.42
"2018-02-13",1.42
"2018-02-14",1.42
"2018-02-15",1.42
"2018-02-16",1.42
"2018-02-17",1.42
"2018-02-18",1.42
"2018-02-20",1.42
"2018-02-21",1.42
"2018-02-22",1.42
"2018-02-23",1.42
"2018-02-24",1.42
"2018-02-25",1.42
"2018-02-26",1.42
"2018-02-27",1.42
"2018-02-28",1.35
"2018-03-01",1.42
"2018-03-02",1.42
"2018-03-03",1.42
"2018-03-04",1.42
"2018-03-05",1.42
"2018-03-06",1.42
"2018-03-07",1.42
"2018-03-08",1.42
"2018-03-09",1.42
"2018-03-10",1.42
"2018-03-11",1.42
"2018-03-12",1.42
"2018-03-13",1.42
"2018-03-14",1.42
"2018-03-15",1.43
"2018-03-16",1.43
"2018-03-17",1.43
"2018-03-18",1.43
"2018-03-19",1.43
"2018-03-20",1.44
"2018-03-21",1.44
"2018-03-22",1.68
"2018-03-23",1.68
"2018-03-24",1.68
"2018-03-25",1.68
"2018-03-26",1.68
"2018-03-27",1.68
"2018-03-28",1.68
"2018-03-29",1.68
"2018-03-30",1.67
"2018-03-31",1.67
"2018-04-01",1.67
"2018-04-02",1.68
"2018-04-03",1.69
"2018-04-04",1.69
"2018-04-05",1.69
"2018-04-06",1.69
"2018-04-07",1.69
"2018-04-08",1.69
"2018-04-09",1.69
"2018-04-10",1.69
"2018-04-11",1.69
"2018-04-12",1.69
"2018-04-13",1.69
"2018-04-14",1.69
"2018-04-15",1.69
"2018-04-16",1.69
"2018-04-17",1.69
"2018-04-18",1.69
"2018-04-19",1.69
"2018-04-20",1.7
"2018-04-21",1.7
"2018-04-22",1.7
"2018-04-23",1.7
"2018-04-24",1.7
"2018-04-25",1.7
"2018-04-26",1.7
"2018-04-27",1.7
"2018-04-28",1.7
"2018-04-29",1.7
"2018-04-30",1.69
"2018-05-01",1.7
"2018-05-02",1.7
"2018-05-03",1.7
"2018-05-04",1.7
"2018-05-05",1.7
"2018-05-06",1.7
"2018-05-07",1.7
"2018-05-08",1.7
"2018-05-09",1.7
"2018-05-10",1.7
"2018-05-11",1.7
"2018-05-12",1.7
"2018-05-13",1.7
"2018-05-14",1.7
"2018-05-15",1.7
"2018-05-16",1.7
"2018-05-17",1.7
"2018-05-18",1.7
"2018-05-19",1.7
"2018-05-20",1.7
"2018-05-21",1.7
"2018-05-22",1.7
"2018-05-23",1.7
"2018-05-24",1.7
"2018-05-25",1.7
"2018-05-26",1.7
"2018-05-27",1.7
"2018-05-29",1.7
"2018-05-30",1.7
"2018-05-31",1.7
"2018-06-01",1.7
"2018-06-02",1.7
"2018-06-03",1.7
"2018-06-04",1.7
"2018-06-05",1.7
"2018-06-06",1.7
"2018-06-07",1.7
"2018-06-08",1.7
"2018-06-09",1.7
"2018-06-10",1.7
"2018-06-11",1.7
"2018-06-12",1.7
"2018-06-13",1.7
"2018-06-14",1.9
"2018-06-15",1.9
"2018-06-18",1.9
"2018-06-19",1.91
"2018-06-20",1.92
"2018-06-21",1.92
"2018-06-22",1.92
"2018-06-25",1.92
"2018-06-26",1.92
"2018-06-27",1.91
"2018-06-28",1.91
"2018-06-29",1.91
"2018-07-02",1.91
"2018-07-03",1.91
"2018-07-05",1.91
"2018-07-06",1.91
"2018-07-09",1.91
"2018-07-10",1.91
"2018-07-11",1.91
"2018-07-12",1.91
"2018-07-13",1.91
"2018-07-16",1.91
"2018-07-17",1.91
"2018-07-18",1.91
"2018-07-19",1.91
"2018-07-20",1.91
"2018-07-23",1.91
"2018-07-24",1.91
"2018-07-25",1.91
"2018-07-26",1.91
"2018-07-27",1.91
"2018-07-30",1.91
"2018-07-31",1.91
"2018-08-01",1.91
"2018-08-02",1.91
"2018-08-03",1.91
"2018-08-06",1.91
"2018-08-07",1.91
"2018-08-08",1.91
"2018-08-09",1.91
"2018-08-10",1.91
"2018-08-13",1.91
"2018-08-14",1.91
"2018-08-15",1.91
"2018-08-16",1.92
"2018-08-17",1.92
"2018-08-20",1.92
"2018-08-21",1.92
"2018-08-22",1.92
"2018-08-23",1.92
"2018-08-24",1.92
"2018-08-27",1.92
"2018-08-28",1.92
"2018-08-29",1.92
"2018-08-30",1.92
"2018-08-31",1.91
"2018-09-04",1.92
"2018-09-05",1.92
"2018-09-06",1.92
"2018-09-07",1.92
"2018-09-10",1.92
"2018-09-11",1.92
"2018-09-12",1.92
"2018-09-13",1.92
"2018-09-14",1.92
"2018-09-17",1.92
"2018-09-18",1.92
"2018-09-19",1.92
"2018-09-20",1.92
"2018-09-21",1.92
"2018-09-24",1.93
"2018-09-25",1.93
"2018-09-26",1.93
"2018-09-27",2.18
"2018-09-28",2.18
"2018-10-01",2.18
"2018-10-02",2.18
"2018-10-03",2.18
"2018-10-04",2.18
"2018-10-05",2.18
"2018-10-09",2.18
"2018-10-10",2.18
"2018-10-11",2.18
"2018-10-12",2.18
"2018-10-15",2.18
"2018-10-16",2.18
"2018-10-17",2.19
"2018-10-18",2.19
"2018-10-19",2.19
"2018-10-22",2.19
"2018-10-23",2.2
"2018-10-24",2.2
"2018-10-25",2.2
"2018-10-26",2.2
"2018-10-29",2.2
"2018-10-30",2.2
"2018-10-31",2.2
"2018-11-01",2.2
"2018-11-02",2.19
"2018-11-05",2.2
"2018-11-06",2.2
"2018-11-07",2.2
"2018-11-08",2.2
"2018-11-09",2.19
"2018-11-13",2.2
"2018-11-14",2.2
"2018-11-15",2.2
"2018-11-16",2.2
"2018-11-19",2.2
"2018-11-20",2.2
"2018-11-21",2.2
"2018-11-23",2.2
"2018-11-26",2.2
"2018-11-27",2.2
"2018-11-28",2.2
"2018-11-29",2.2
"2018-11-30",2.2
"2018-12-03",2.19
"2018-12-04",2.2
"2018-12-05",2.2
"2018-12-06",2.2
"2018-12-07",2.19
"2018-12-10",2.2
"2018-12-11",2.19
"2018-12-12",2.19
"2018-12-13",2.19
"2018-12-14",2.19
"2018-12-17",2.2
"2018-12-18",2.2
"2018-12-19",2.2
"2018-12-20",2.4
"2018-12-21",2.4
"2018-12-24",2.4
"2018-12-26",2.4
"2018-12-27",2.4
"2018-12-28",2.4
"2018-12-31",2.4
"2019-01-02",2.4
"2019-01-03",2.4
"2019-01-04",2.4
"2019-01-07",2.4
"2019-01-08",2.4
"2019-01-09",2.4
"2019-01-10",2.4
"2019-01-11",2.4
"2019-01-14",2.4
"2019-01-15",2.4
"2019-01-16",2.4
"2019-01-17",2.4
"2019-01-18",2.4
"2019-01-22",2.4
"2019-01-23",2.4
"2019-01-24",2.4
"2019-01-25",2.4
"2019-01-28",2.4
"2019-01-29",2.4
"2019-01-30",2.4
"2019-01-31",2.4
"2019-02-01",2.4
"2019-02-04",2.4
"2019-02-05",2.4
"2019-02-06",2.4
"2019-02-07",2.4
"2019-02-08",2.4
"2019-02-11",2.4
"2019-02-12",2.4
"2019-02-13",2.4
"2019-02-14",2.4
"2019-02-15",2.4
"2019-02-19",2.4
"2019-02-20",2.4
"2019-02-21",2.4
"2019-02-22",2.4
"2019-02-25",2.4
"2019-02-26",2.4
"2019-02-27",2.4
"2019-02-28",2.4
"2019-03-01",2.4
"2019-03-04",2.4
"2019-03-05",2.4
"2019-03-06",2.4
"2019-03-07",2.4
"2019-03-08",2.4
"2019-03-11",2.4
"2019-03-12",2.4
"2019-03-13",2.4
"2019-03-14",2.4
"2019-03-15",2.4
"2019-03-18",2.4
"2019-03-19",2.4
"2019-03-20",2.41
"2019-03-21",2.41
"2019-03-22",2.41
"2019-03-25",2.4
"2019-03-26",2.4
"2019-03-27",2.41
"2019-03-28",2.41
"2019-03-29",2.43
"2019-04-01",2.41
"2019-04-02",2.41
"2019-04-03",2.41
"2019-04-04",2.41
"2019-04-05",2.41
"2019-04-08",2.41
"2019-04-09",2.41
"2019-04-10",2.41
"2019-04-11",2.41
"2019-04-12",2.41
"2019-04-15",2.41
"2019-04-16",2.41
"2019-04-17",2.42
"2019-04-18",2.43
"2019-04-19",2.44
"2019-04-22",2.44
"2019-04-23",2.44
"2019-04-24",2.44
"2019-04-25",2.44
"2019-04-26",2.44
"2019-04-29",2.45
"2019-04-30",2.45
"2019-05-01",2.45
"2019-05-02",2.41
"2019-05-03",2.4
"2019-05-06",2.4
"2019-05-07",2.4
"2019-05-08",2.39
"2019-05-09",2.38
"2019-05-10",2.38
"2019-05-13",2.38
"2019-05-14",2.38
"2019-05-15",2.4
"2019-05-16",2.39
"2019-05-17",2.39
"2019-05-20",2.39
"2019-05-21",2.39
"2019-05-22",2.38
"2019-05-23",2.38
"2019-05-24",2.38
"2019-05-28",2.39
"2019-05-29",2.39
"2019-05-30",2.39
"2019-05-31",2.4
"2019-06-03",2.38
"2019-06-04",2.38
"2019-06-05",2.38
"2019-06-06",2.37
"2019-06-07",2.37
"2019-06-10",2.37
"2019-06-11",2.37
"2019-06-12",2.37
"2019-06-13",2.37
"2019-06-14",2.36
"2019-06-17",2.38
"2019-06-18",2.37
"2019-06-19",2.37
"2019-06-20",2.37
"2019-06-21",2.38
"2019-06-24",2.38
"2019-06-25",2.38
"2019-06-26",2.38
"2019-06-27",2.38
"2019-06-28",2.4
"2019-07-01",2.39
"2019-07-02",2.4
"2019-07-03",2.41
"2019-07-05",2.42
"2019-07-08",2.41
"2019-07-09",2.41
"2019-07-10",2.41
"2019-07-11",2.4
"2019-07-12",2.38
"2019-07-15",2.4
"2019-07-16",2.41
"2019-07-17",2.41
"2019-07-18",2.41
"2019-07-19",2.41
"2019-07-22",2.4
"2019-07-23",2.4
"2019-07-24",2.4
"2019-07-25",2.4
"2019-07-26",2.4
"2019-07-29",2.4
"2019-07-30",2.39
"2019-07-31",2.4
"2019-08-01",2.14
"2019-08-02",2.14
"2019-08-05",2.13
"2019-08-06",2.13
"2019-08-07",2.12
"2019-08-08",2.12
"2019-08-09",2.12
"2019-08-12",2.12
"2019-08-13",2.12
"2019-08-14",2.12
"2019-08-15",2.13
"2019-08-16",2.13
"2019-08-19",2.13
"2019-08-20",2.13
"2019-08-21",2.12
"2019-08-22",2.12
"2019-08-23",2.12
"2019-08-26",2.12
"2019-08-27",2.12
"2019-08-28",2.12
"2019-08-29",2.12
"2019-08-30",2.13
"2019-09-03",2.13
"2019-09-04",2.13
"2019-09-05",2.13
"2019-09-06",2.12
"2019-09-09",2.13
"2019-09-10",2.13
"2019-09-11",2.13
"2019-09-12",2.13
"2019-09-13",2.14
"2019-09-16",2.25
"2019-09-17",2.3
"2019-09-18",2.25
"2019-09-19",1.9
"2019-09-20",1.9
"2019-09-23",1.9
"2019-09-24",1.9
"2019-09-25",1.9
"2019-09-26",1.85
"2019-09-27",1.83
"2019-09-30",1.9
"2019-10-01",1.88
"2019-10-02",1.85
"2019-10-03",1.83
"2019-10-04",1.82
"2019-10-07",1.82
"2019-10-08",1.82
"2019-10-09",1.82
"2019-10-10",1.82
"2019-10-11",1.82
"2019-10-15",1.9
"2019-10-16",1.9
"2019-10-17",1.85
"2019-10-18",1.85
"2019-10-21",1.85
"2019-10-22",1.85
"2019-10-23",1.85
"2019-10-24",1.85
"2019-10-25",1.83
"2019-10-28",1.83
"2019-10-29",1.82
"2019-10-30",1.82
"2019-10-31",1.58
"2019-11-01",1.57
"2019-11-04",1.56
"2019-11-05",1.56
"2019-11-06",1.55
"2019-11-07",1.55
"2019-11-08",1.55
"2019-11-12",1.55
"2019-11-13",1.55
"2019-11-14",1.55
"2019-11-15",1.55
"2019-11-18",1.55
"2019-11-19",1.55
"2019-11-20",1.55
"2019-11-21",1.55
"2019-11-22",1.55
"2019-11-25",1.55
"2019-11-26",1.55
"2019-11-27",1.55
"2019-11-29",1.56
"2019-12-02",1.56
"2019-12-03",1.55
"2019-12-04",1.55
"2019-12-05",1.55
"2019-12-06",1.55
"2019-12-09",1.55
"2019-12-10",1.55
"2019-12-11",1.55
"2019-12-12",1.55
"2019-12-13",1.55
"2019-12-16",1.56
"2019-12-17",1.55
"2019-12-18",1.55
"2019-12-19",1.55
"2019-12-20",1.55
"2019-12-23",1.55
"2019-12-24",1.55
"2019-12-26",1.55
"2019-12-27",1.55
"2019-12-30",1.55
"2019-12-31",1.55
"2020-01-02",1.55
"2020-01-03",1.55
"2020-01-06",1.55
"2020-01-07",1.55
"2020-01-08",1.55
"2020-01-09",1.55
"2020-01-10",1.54
"2020-01-13",1.54
"2020-01-14",1.54
"2020-01-15",1.54
"2020-01-16",1.54
"2020-01-17",1.55
"2020-01-21",1.55
"2020-01-22",1.55
"2020-01-23",1.55
"2020-01-24",1.55
"2020-01-27",1.55
"2020-01-28",1.55
"2020-01-29",1.55
"2020-01-30",1.6
"2020-01-31",1.59
"2020-02-03",1.59
"2020-02-04",1.59
"2020-02-05",1.59
"2020-02-06",1.59
"2020-02-07",1.58
"2020-02-10",1.58
"2020-02-11",1.58
"2020-02-12",1.58
"2020-02-13",1.58
"2020-02-14",1.58
"2020-02-18",1.59
"2020-02-19",1.59
"2020-02-20",1.59
"2020-02-21",1.58
"2020-02-24",1.58
"2020-02-25",1.58
"2020-02-26",1.58
"2020-02-27",1.58
"2020-02-28",1.58
"2020-03-02",1.59
"2020-03-03",1.59
"2020-03-04",1.09
"2020-03-05",1.09
"2020-03-06",1.09
"2020-03-09",1.09
"2020-03-10",1.09
"2020-03-11",1.09
"2020-03-12",1.1
"2020-03-13",1.1
"2020-03-16",0.25
"2020-03-17",
"2020-03-18",
"2020-03-19",
"2020-03-20",
"2020-03-21",
"2020-03-22",
"2020-03-23",
"2020-03-24",
"2020-03-25",
"2020-03-26",
"2020-03-27",
"2020-03-28",
"2020-03-29",
"2020-03-30",
"2020-03-31",
"2020-04-01",
"2020-04-02",
"2020-04-03",
"2020-04-04",
"2020-04-05",
"2020-04-06",
